"","Player.ID","Last.Name","First.Name","Bats","Pitches","Team","V7"
"1","allec002","Allen","Cody","R","R","ANA","P"
"2","andej005","Anderson","Justin","L","R","ANA","P"
"3","bardl001","Bard","Luke","R","R","ANA","P"
"4","barrj003","Barria","Jaime","R","R","ANA","P"
"5","bedrc001","Bedrosian","Cam","R","R","ANA","P"
"6","bemba001","Bemboom","Anthony","L","R","ANA","C"
"7","bourj002","Bour","Justin","L","R","ANA","1B"
"8","bourp001","Bourjos","Peter","R","R","ANA","OF"
"9","buttt001","Buttrey","Ty","L","R","ANA","P"
"10","cahit001","Cahill","Trevor","R","R","ANA","P"
"11","calhk001","Calhoun","Kole","L","L","ANA","OF"
"12","canng001","Canning","Griffin","R","R","ANA","P"
"13","colet001","Cole","Taylor","R","R","ANA","P"
"14","cowak001","Cowart","Kaleb","B","R","ANA","3B"
"15","cozaz001","Cozart","Zack","R","R","ANA","SS"
"16","curtj003","Curtiss","John","R","R","ANA","P"
"17","delpm001","Del Pozo","Miguel","L","L","ANA","P"
"18","fletd002","Fletcher","David","R","R","ANA","SS"
"19","frees001","Freeman","Sam","R","L","ANA","P"
"20","garcl005","Garcia","Luis","R","R","ANA","P"
"21","garnd001","Garneau","Dustin","R","R","ANA","C"
"22","goodb001","Goodwin","Brian","L","R","ANA","OF"
"23","harvm001","Harvey","Matt","R","R","ANA","P"
"24","heana001","Heaney","Andrew","L","L","ANA","P"
"25","hermm001","Hermosillo","Michael","R","R","ANA","OF"
"26","jewej001","Jewell","Jake","R","R","ANA","P"
"27","lastt001","La Stella","Tommy","L","R","ANA","2B"
"28","lucrj001","Lucroy","Jonathan","R","R","ANA","C"
"29","mejia001","Mejia","Adalberto","R","L","ANA","P"
"30","middk001","Middleton","Keynan","R","R","ANA","P"
"31","ohtas001","Ohtani","Shohei","L","R","ANA","P"
"32","parkj002","Parker","Jarrett","L","L","ANA","OF"
"33","penaf002","Pena","Felix","R","R","ANA","P"
"34","peted001","Peters","Dillon","L","L","ANA","P"
"35","puelc001","Puello","Cesar","R","R","ANA","OF"
"36","pujoa001","Pujols","Albert","R","R","ANA","1B"
"37","ramij002","Ramirez","J.C.","R","R","ANA","P"
"38","ramin002","Ramirez","Noe","R","R","ANA","P"
"39","ramsm003","Ramsey","Matt","R","R","ANA","P"
"40","rengl001","Rengifo","Luis","B","R","ANA","2B"
"41","roblh001","Robles","Hansel","R","R","ANA","P"
"42","rodrj006","Rodriguez","Jose","R","R","ANA","P"
"43","sandp002","Sandoval","Patrick","L","L","ANA","P"
"44","simma001","Simmons","Andrelton","R","R","ANA","SS"
"45","skagt001","Skaggs","Tyler","L","L","ANA","P"
"46","smitk002","Smith","Kevan","R","R","ANA","C"
"47","stasm001","Stassi","Max","R","R","ANA","C"
"48","strac001","Stratton","Chris","R","R","ANA","P"
"49","suarj001","Suarez","Jose","L","L","ANA","P"
"50","thaim001","Thaiss","Matt","L","R","ANA","1B"
"51","tovaw001","Tovar","Wilfredo","R","R","ANA","SS"
"52","tropn001","Tropeano","Nick","R","R","ANA","P"
"53","troum001","Trout","Mike","R","R","ANA","OF"
"54","uptoj001","Upton","Justin","R","R","ANA","OF"
"55","walsj001","Walsh","Jared","L","L","ANA","OF"
"56","wardt002","Ward","Taylor","R","R","ANA","3B"
"57","wongk002","Wong","Kean","L","R","ANA","2B"
"58","ahmen001","Ahmed","Nick","R","R","ARI","SS"
"59","almoa001","Almonte","Abraham","B","R","ARI","OF"
"60","andrm001","Andriese","Matt","R","R","ARI","P"
"61","avila001","Avila","Alex","L","R","ARI","C"
"62","brada001","Bradley","Archie","R","R","ARI","P"
"63","chafa001","Chafin","Andrew","R","L","ARI","P"
"64","clart003","Clarke","Taylor","R","R","ARI","P"
"65","crics001","Crichton","Stefan","R","R","ARI","P"
"66","cronk001","Cron","Kevin","R","R","ARI","1B"
"67","duplj001","Duplantier","Jon","L","R","ARI","P"
"68","dysoj001","Dyson","Jarrod","L","R","ARI","OF"
"69","escoe001","Escobar","Eduardo","B","R","ARI","SS"
"70","florw001","Flores","Wilmer","R","R","ARI","SS"
"71","gallz001","Gallen","Zac","R","R","ARI","P"
"72","ginkk001","Ginkel","Kevin","L","R","ARI","P"
"73","godlz001","Godley","Zack","R","R","ARI","P"
"74","greiz001","Greinke","Zack","R","R","ARI","P"
"75","hiray001","Hirano","Yoshihisa","R","R","ARI","P"
"76","hollg001","Holland","Greg","R","R","ARI","P"
"77","jonea003","Jones","Adam","R","R","ARI","OF"
"78","josec002","Joseph","Caleb","R","R","ARI","C"
"79","kellc002","Kelly","Carson","R","R","ARI","C"
"80","kellm002","Kelly","Merrill","R","R","ARI","P"
"81","kochm001","Koch","Matt","L","R","ARI","P"
"82","lambj001","Lamb","Jake","L","R","ARI","3B"
"83","leakm001","Leake","Mike","R","R","ARI","P"
"84","leybd001","Leyba","Domingo","B","R","ARI","2B"
"85","locat001","Locastro","Tim","R","R","ARI","2B"
"86","lopey001","Lopez","Yoan","R","R","ARI","P"
"87","martk001","Marte","Ketel","B","R","ARI","SS"
"88","mcfat001","McFarland","T.J.","L","L","ARI","P"
"89","murpj001","Murphy","John Ryan","R","R","ARI","C"
"90","robed004","Robertson","Daniel","R","R","TBA","SS"
"91","payaj001","Payamps","Joel","R","R","ARI","P"
"92","perad001","Peralta","David","L","L","ARI","OF"
"93","ray-r002","Ray","Robbie","L","L","ARI","P"
"94","rojaj001","Rojas","Josh","L","R","ARI","3B"
"95","scotr001","Scott","Robby","B","L","ARI","P"
"96","sherj001","Sherfy","Jimmie","R","R","ARI","P"
"97","swihb001","Swihart","Blake","B","R","ARI","C"
"98","tomay001","Tomas","Yasmany","R","R","ARI","OF"
"99","vargi001","Vargas","Ildemaro","B","R","ARI","2B"
"100","walkc002","Walker","Christian","R","R","ARI","1B"
"101","walkt004","Walker","Taijuan","R","R","ARI","P"
"102","weavl001","Weaver","Luke","R","R","ARI","P"
"103","youna002","Young","Alex","L","L","ARI","P"
"104","acunr001","Acuna","Ronald","R","R","ATL","OF"
"105","albio001","Albies","Ozzie","B","R","ATL","2B"
"106","biddj001","Biddle","Jesse","L","L","ATL","P"
"107","blevj001","Blevins","Jerry","L","L","ATL","P"
"108","camaj001","Camargo","Johan","B","R","ATL","SS"
"109","carls002","Carle","Shane","R","R","ATL","P"
"110","cervf001","Cervelli","Francisco","R","R","ATL","C"
"111","culbc001","Culberson","Charlie","R","R","ATL","3B"
"112","daytg001","Dayton","Grant","L","L","ATL","P"
"113","donaj001","Donaldson","Josh","R","R","ATL","3B"
"114","duvaa001","Duvall","Adam","R","R","ATL","OF"
"115","flowt001","Flowers","Tyler","R","R","ATL","C"
"116","foltm001","Foltynewicz","Mike","R","R","ATL","P"
"117","freef001","Freeman","Freddie","L","R","ATL","1B"
"118","friem001","Fried","Max","L","L","ATL","P"
"119","gausk001","Gausman","Kevin","L","R","ATL","P"
"120","grees005","Greene","Shane","R","R","ATL","P"
"121","hamib001","Hamilton","Billy","B","R","ATL","OF"
"122","hecha001","Hechavarria","Adeiny","R","R","ATL","SS"
"123","incie001","Inciarte","Ender","L","L","ATL","OF"
"124","jacka002","Jackson","Alex","R","R","ATL","C"
"125","jackl001","Jackson","Luke","R","R","ATL","P"
"126","joycm001","Joyce","Matt","L","R","ATL","OF"
"127","keucd001","Keuchel","Dallas","L","L","ATL","P"
"128","markn001","Markakis","Nick","L","L","ATL","OF"
"129","martc007","Martin","Chris","R","R","ATL","P"
"130","mccab002","McCann","Brian","L","R","ATL","C"
"131","melam001","Melancon","Mark","R","R","ATL","P"
"132","minta001","Minter","A.J.","L","L","ATL","P"
"133","murpj001","Murphy","John Ryan","R","R","ATL","C"
"134","newcs001","Newcomb","Sean","L","L","ATL","P"
"135","odayd001","O'Day","Darren","R","R","ATL","P"
"136","orter001","Ortega","Rafael","L","R","ATL","OF"
"137","parsw001","Parsons","Wes","R","R","ATL","P"
"138","rilea001","Riley","Austin","R","R","ATL","3B"
"139","soboc001","Sobotka","Chad","R","R","ATL","P"
"140","sorom001","Soroka","Mike","R","R","ATL","P"
"141","swand001","Swanson","Dansby","R","R","ATL","SS"
"142","swara001","Swarzak","Anthony","R","R","ATL","P"
"143","tehej001","Teheran","Julio","R","R","ATL","P"
"144","tomlj001","Tomlin","Josh","R","R","ATL","P"
"145","toust001","Toussaint","Touki","R","R","ATL","P"
"146","ventj001","Venters","Jonny","L","L","ATL","P"
"147","vizca001","Vizcaino","Arodys","R","R","ATL","P"
"148","walkj002","Walker","Jeremy","R","R","ATL","P"
"149","webbj002","Webb","Jacob","R","R","ATL","P"
"150","wilsb003","Wilson","Bryse","R","R","ATL","P"
"151","winkd001","Winkler","Daniel","R","R","ATL","P "
"152","wrigk001","Wright","Kyle","R","R","ATL","P"
"153","ynoah001","Ynoa","Huascar","R","R","ATL","P"
"154","albeh001","Alberto","Hanser","R","R","BAL","2B"
"155","araup001","Araujo","Pedro","R","R","BAL","P"
"156","armss001","Armstrong","Shawn","R","R","BAL","P"
"157","blact002","Blach","Ty","R","L","BAL","P"
"158","bleir001","Bleier","Richard","L","L","BAL","P"
"159","brooa001","Brooks","Aaron","R","R","BAL","P"
"160","broxk001","Broxton","Keon","R","R","BAL","OF"
"161","bundd001","Bundy","Dylan","B","R","BAL","P"
"162","casha001","Cashner","Andrew","R","R","BAL","P"
"163","castm002","Castro","Miguel","R","R","BAL","P"
"164","cobba001","Cobb","Alex","R","R","BAL","P"
"165","davic003","Davis","Chris","L","R","BAL","1B"
"166","eader001","Eades","Ryan","R","R","BAL","P"
"167","eshet001","Eshelman","Tom","R","R","BAL","P"
"168","fry-p001","Fry","Paul","L","L","BAL","P"
"169","gilms001","Gilmartin","Sean","L","L","BAL","P"
"170","givem001","Givens","Mychal","R","R","BAL","P"
"171","harvh001","Harvey","Hunter","R","R","BAL","P"
"172","haysa001","Hays","Austin","R","R","BAL","OF"
"173","hessd001","Hess","David","R","R","BAL","P"
"174","jackd004","Jackson","Drew","R","R","BAL","SS"
"175","karnn001","Karns","Nate","R","R","BAL","P"
"176","klinb001","Kline","Branden","R","R","BAL","P"
"177","lucaj001","Lucas","Josh","R","R","BAL","P"
"178","manct001","Mancini","Trey","R","R","BAL","1B"
"179","martr006","Martin","Richie","R","R","BAL","SS"
"180","meanj001","Means","John","L","L","BAL","P"
"181","mullc002","Mullins","Cedric","B","L","BAL","OF"
"182","nuner001","Nunez","Renato","R","R","BAL","3B"
"183","ortil002","Ortiz","Luis","R","R","BAL","P"
"184","petej002","Peterson","Jace","L","R","BAL","2B"
"185","phile001","Phillips","Evan","R","R","BAL","P"
"186","ramiy001","Ramirez","Yefry","R","R","BAL","P"
"187","rickj001","Rickard","Joey","R","L","BAL","OF"
"188","rogej003","Rogers","Josh","L","L","BAL","P"
"189","rondj002","Rondon","Jose","R","R","BAL","SS"
"190","ruizr002","Ruiz","Rio","L","R","BAL","3B"
"191","santa003","Santander","Anthony","B","R","BAL","OF"
"192","scott003","Scott","Tanner","R","L","BAL","P"
"193","scott004","Scott","Tayler","R","R","BAL","P"
"194","sevep001","Severino","Pedro","R","R","BAL","C"
"195","shepc001","Shepherd","Chandler","R","R","BAL","P"
"196","siscc001","Sisco","Chance","L","R","BAL","C"
"197","smitd007","Smith","Dwight","L","R","BAL","OF"
"198","stewd002","Stewart","DJ","L","R","BAL","OF"
"199","strad003","Straily","Dan","R","R","BAL","P"
"200","sucrj001","Sucre","Jesus","R","R","BAL","C"
"201","tated001","Tate","Dillon","R","R","BAL","P"
"202","trumm001","Trumbo","Mark","R","R","BAL","OF"
"203","villj001","Villar","Jonathan","B","R","BAL","SS"
"204","wilks001","Wilkerson","Steve","B","R","BAL","3B"
"205","willm007","Williams","Mason","L","R","BAL","OF"
"206","wojca001","Wojciechowski","Asher","R","R","BAL","P"
"207","wothm001","Wotherspoon","Matt","R","R","BAL","P"
"208","wrigm001","Wright","Mike","R","R","BAL","P"
"209","wynna001","Wynns","Austin","R","R","BAL","C"
"210","yacaj001","Yacabonis","Jimmy","R","R","BAL","P"
"211","ynoag001","Ynoa","Gabriel","R","R","BAL","P"
"212","barnm001","Barnes","Matt","R","R","BOS","P"
"213","benia002","Benintendi","Andrew","L","L","BOS","LF"
"214","bettm001","Betts","Mookie","R","R","BOS","OF"
"215","bogax001","Bogaerts","Xander","R","R","BOS","SS"
"216","bradj001","Bradley","Jackie","L","R","BOS","OF"
"217","brasr001","Brasier","Ryan","R","R","BOS","P"
"218","brewc002","Brewer","Colten","R","R","BOS","P"
"219","casha001","Cashner","Andrew","R","R","BOS","P"
"220","centj001","Centeno","Juan","L","R","BOS","C"
"221","chacj001","Chacin","Jhoulys","R","R","BOS","P"
"222","chavm001","Chavis","Michael","R","R","BOS","3B"
"223","dever001","Devers","Rafael","L","R","BOS","3B"
"224","eovan001","Eovaldi","Nathan","R","R","BOS","P"
"225","hembh001","Hembree","Heath","R","R","BOS","P"
"226","hernd004","Hernandez","Darwinzon","L","L","BOS","P"
"227","herng001","Hernandez","Gorkys","R","R","BOS","OF"
"228","hernm003","Hernandez","Marco","L","R","BOS","SS"
"229","holtb002","Holt","Brock","L","R","BOS","OF"
"230","johnb004","Johnson","Brian","L","L","BOS","P"
"231","kellt002","Kelley","Trevor","R","R","BOS","P"
"232","leons001","Leon","Sandy","B","R","BOS","C"
"233","lakit001","Lakins","Travis","R","R","BOS","P"
"234","lin-t001","Lin","Tzu-Wei","L","R","BOS","SS"
"235","martj006","Martinez","J.D.","R","R","BOS","OF"
"236","morem001","Moreland","Mitch","L","L","BOS","1B"
"237","nunee002","Nunez","Eduardo","R","R","BOS","SS"
"238","owinc001","Owings","Chris","R","R","BOS","2B"
"239","pears001","Pearce","Steve","R","R","BOS","OF"
"240","pedrd001","Pedroia","Dustin","R","R","BOS","2B"
"241","porcr001","Porcello","Rick","R","R","BOS","P"
"242","poynb001","Poyner","Bobby","L","L","BOS","P"
"243","pricd001","Price","David","L","L","BOS","P"
"244","ramie004","Ramirez","Erasmo","R","R","BOS","P"
"245","rodre004","Rodriguez","Eduardo","L","L","BOS","P"
"246","salec001","Sale","Chris","L","L","BOS","P"
"247","shawm001","Shawaryn","Mike","R","R","BOS","P"
"248","smitj004","Smith","Josh","R","R","BOS","P"
"249","swihb001","Swihart","Blake","B","R","BOS","C"
"250","taylj001","Taylor","Josh","L","L","BOS","P"
"251","thort001","Thornburg","Tyler","R","R","BOS","P"
"252","travs001","Travis","Sam","R","R","BOS","1B"
"253","vazqc001","Vazquez","Christian","R","R","BOS","C"
"254","velah001","Velazquez","Hector","R","R","BOS","P"
"255","waldm002","Walden","Marcus","R","R","BOS","P"
"256","weber001","Weber","Ryan","R","R","BOS","P"
"257","workb001","Workman","Brandon","R","R","BOS","P"
"258","wrigs001","Wright","Steven","R","R","BOS","P"
"259","abrej003","Abreu","Jose","R","R","CHA","1B"
"260","alony001","Alonso","Yonder","L","R","CHA","1B"
"261","andet001","Anderson","Tim","R","R","CHA","SS"
"262","banum001","Banuelos","Manny","R","L","CHA","P"
"263","bumma001","Bummer","Aaron","L","L","CHA","P"
"264","burrr002","Burr","Ryan","R","R","CHA","P"
"265","castw002","Castillo","Welington","R","R","CHA","C"
"266","ceasd001","Cease","Dylan","R","R","CHA","P"
"267","collz001","Collins","Zack","L","R","CHA","C"
"268","coloa001","Colome","Alex","R","R","CHA","P"
"269","cordr001","Cordell","Ryan","R","R","CHA","OF"
"270","cordj001","Cordero","Jimmy","R","R","CHA","P"
"271","coved001","Covey","Dylan","R","R","CHA","P"
"272","delmn001","Delmonico","Nicky","L","R","CHA","3B"
"273","despo001","Despaigne","Odrisamer","R","R","CHA","P"
"274","detwr001","Detwiler","Ross","R","L","CHA","P"
"275","engea001","Engel","Adam","R","R","CHA","OF"
"276","frarc001","Frare","Caleb","L","L","CHA","P"
"277","fry-j001","Fry","Jace","L","L","CHA","P"
"278","fulmc001","Fulmer","Carson","R","R","CHA","P"
"279","garcl004","Garcia","Leury","B","R","CHA","OF"
"280","gioll001","Giolito","Lucas","R","R","CHA","P"
"281","goinr001","Goins","Ryan","L","R","CHA","2B"
"282","herrk001","Herrera","Kelvin","R","R","CHA","P"
"283","jay-j001","Jay","Jon","L","L","CHA","OF"
"284","jimee001","Jimenez","Eloy","R","R","CHA","OF"
"285","jonen001","Jones","Nate","R","R","CHA","P"
"286","loper003","Lopez","Reynaldo","R","R","CHA","P"
"287","marse001","Marshall","Evan","R","R","CHA","P"
"288","mccaj001","McCann","James","R","R","CHA","C"
"289","mendd002","Mendick","Danny","R","R","CHA","SS"
"290","minaj001","Minaya","Juan","R","R","CHA","P"
"291","moncy001","Moncada","Yoan","B","R","CHA","3B"
"292","novai001","Nova","Ivan","R","R","CHA","P"
"293","osicj001","Osich","Josh","L","L","CHA","P"
"294","palkd001","Palka","Daniel","L","L","CHA","OF"
"295","reeda002","Reed","A.J.","L","L","CHA","1B"
"296","rodoc001","Rodon","Carlos","L","L","CHA","P"
"297","rondj002","Rondon","Jose","R","R","CHA","SS"
"298","ruizj001","Ruiz","Jose","R","R","CHA","P"
"299","sancc001","Sanchez","Yolmer","B","R","CHA","2B"
"300","sante001","Santana","Ervin","R","R","CHA","P"
"301","santh001","Santiago","Hector","R","L","CHA","P"
"302","skolm001","Skole","Matt","L","R","CHA","1B"
"303","tilsc001","Tilson","Charlie","L","L","CHA","OF"
"304","vieit001","Vieira","Thyago","R","R","CHA","P"
"305","zavas001","Zavala","Seby","R","R","CHA","C"
"306","adduj002","Adduci","Jim","L","L","CHN","OF"
"307","almoa002","Almora","Albert","R","R","CHN","OF"
"308","alzoa001","Alzolay","Adbert","R","R","CHN","P"
"309","baezj001","Baez","Javier","R","R","CHN","2B"
"310","barnt002","Barnette","Tony","R","R","CHN","P"
"311","boted002","Bote","David","R","R","CHN","2B"
"312","bracb001","Brach","Brad","R","R","CHN","P"
"313","bryak001","Bryant","Kris","R","R","CHN","3B"
"314","carav001","Caratini","Victor","B","R","CHN","C"
"315","castn001","Castellanos","Nick","R","R","CHN","3B"
"316","cedex001","Cedeno","Xavier","L","L","CHN","P"
"317","chatt001","Chatwood","Tyler","R","R","CHN","P"
"318","cishs001","Cishek","Steve","R","R","CHN","P"
"319","collt001","Collins","Tim","L","L","CHN","P"
"320","contw001","Contreras","Willson","R","R","CHN","C"
"321","darvy001","Darvish","Yu","R","R","CHN","P"
"322","davit004","Davis","Taylor","R","R","CHN","C"
"323","descd001","Descalso","Daniel","L","R","CHN","SS"
"324","edwac001","Edwards","Carl","R","R","CHN","P"
"325","garcr005","Garcia","Robel","B","R","CHN","2B"
"326","gonzc001","Gonzalez","Carlos","L","L","CHN","OF"
"327","hamec001","Hamels","Cole","L","L","CHN","P"
"328","happi001","Happ","Ian","B","R","CHN","2B"
"329","hendk001","Hendricks","Kyle","R","R","CHN","P"
"330","heywj001","Heyward","Jason","L","L","CHN","OF"
"331","hoern001","Hoerner","Nico","R","R","CHN","SS"
"332","holld003","Holland","Derek","B","L","CHN","P"
"333","hultd001","Hultzen","Danny","L","L","CHN","P"
"334","kempt001","Kemp","Tony","L","R","CHN","OF"
"335","kimbc001","Kimbrel","Craig","R","R","CHN","P"
"336","kintb001","Kintzler","Brandon","R","R","CHN","P"
"337","lestj001","Lester","Jon","L","L","CHN","P"
"338","lucrj001","Lucroy","Jonathan","R","R","CHN","C"
"339","maldm001","Maldonado","Martin","R","R","CHN","C"
"340","mapld001","Maples","Dillon","R","R","CHN","P"
"341","milla003","Mills","Alec","R","R","CHN","P"
"342","montm002","Montgomery","Mike","L","L","CHN","P"
"343","norwj001","Norwood","James","R","R","CHN","P"
"344","pheld001","Phelps","David","R","R","CHN","P"
"345","quinj001","Quintana","Jose","R","L","CHN","P"
"346","rizza001","Rizzo","Anthony","L","L","CHN","1B"
"347","rosar002","Rosario","Randy","L","L","CHN","P"
"348","russa002","Russell","Addison","R","R","CHN","2B"
"349","ryank002","Ryan","Kyle","L","L","CHN","P"
"350","schwk001","Schwarber","Kyle","L","R","CHN","OF"
"351","strop001","Strop","Pedro","R","R","CHN","P"
"352","unded001","Underwood","Duane","R","R","CHN","P"
"353","websa001","Webster","Allen","R","R","CHN","P"
"354","wickr001","Wick","Rowan","L","R","CHN","P"
"355","wiecb001","Wieck","Brad","L","L","CHN","P"
"356","zagum002","Zagunis","Mark","R","R","CHN","OF"
"357","zobrb001","Zobrist","Ben","B","R","CHN","2B"
"358","alanr001","Alaniz","R.J.","R","R","CIN","P"
"359","aquia001","Aquino","Aristides","R","R","CIN","OF"
"360","barnt001","Barnhart","Tucker","B","R","CIN","C"
"361","bauet001","Bauer","Trevor","R","R","CIN","P"
"362","blana002","Blandino","Alex","R","R","CIN","2B"
"363","bowmm001","Bowman","Matt","R","R","CIN","P"
"364","casac001","Casali","Curt","R","R","CIN","C"
"365","castl003","Castillo","Luis","R","R","CIN","P"
"366","coloc002","Colon","Christian","R","R","CIN","SS"
"367","desca001","DeSclafani","Anthony","R","R","CIN","P"
"368","dietd001","Dietrich","Derek","L","R","CIN","OF"
"369","dukez001","Duke","Zach","L","L","CIN","P"
"370","ervip001","Ervin","Phillip","R","R","CIN","OF"
"371","farmk001","Farmer","Kyle","R","R","CIN","C"
"372","garra001","Garrett","Amir","R","L","CIN","P"
"373","galvf001","Galvis","Freddy","B","R","CIN","SS"
"374","gausk001","Gausman","Kevin","L","R","CIN","P"
"375","genns001","Gennett","Scooter","L","R","CIN","2B"
"376","gratj001","Graterol","Juan","R","R","CIN","C"
"377","grays001","Gray","Sonny","R","R","CIN","P"
"378","hergj001","Herget","Jimmy","R","R","CIN","P"
"379","hernd002","Hernandez","David","R","R","CIN","P"
"380","hughj001","Hughes","Jared","R","R","CIN","P"
"381","iglej001","Iglesias","Jose","R","R","CIN","SS"
"382","igler001","Iglesias","Raisel","R","R","CIN","P"
"383","kempm001","Kemp","Matt","R","R","CIN","OF"
"384","kuhnj001","Kuhnel","Joel","R","R","CIN","P"
"385","lavar001","Lavarnway","Ryan","R","R","CIN","C"
"386","lorem002","Lorenzen","Michael","R","R","CIN","P"
"387","mahlt001","Mahle","Tyler","R","R","CIN","P"
"388","mellk001","Mella","Keury","R","R","CIN","P"
"389","ograb001","O'Grady","Brian","L","R","CIN","1B"
"390","peraj003","Peraza","Jose","R","R","CIN","2B"
"391","peraw002","Peralta","Wandy","L","L","CIN","P"
"392","puigy001","Puig","Yasiel","R","R","CIN","OF"
"393","reedc002","Reed","Cody","L","L","CIN","P"
"394","roart001","Roark","Tanner","R","R","CIN","P"
"395","romas001","Romano","Sal","L","R","CIN","P"
"396","sches001","Schebler","Scott","L","R","CIN","OF"
"397","senzn001","Senzel","Nick","R","R","CIN","OF"
"398","simsl001","Sims","Lucas","R","R","CIN","P"
"399","stepr002","Stephenson","Robert","R","R","CIN","P"
"400","suare001","Suarez","Eugenio","R","R","CIN","SS"
"401","vanmj001","VanMeter","Josh","L","R","CIN","2B"
"402","vottj001","Votto","Joey","L","R","CIN","1B"
"403","winkj002","Winker","Jesse","L","L","CIN","OF"
"404","wooda002","Wood","Alex","R","L","CIN","P"
"405","alleg002","Allen","Greg","B","R","CLE","OF"
"406","allel002","Allen","Logan","R","L","CLE","P"
"407","andec002","Anderson","Cody","R","R","CLE","P"
"408","bauej001","Bauers","Jake","L","L","CLE","1B"
"409","bauet001","Bauer","Trevor","R","R","CLE","P"
"410","biebs001","Bieber","Shane","R","R","CLE","P"
"411","bradb002","Bradley","Bobby","L","R","CLE","1B"
"412","carrc003","Carrasco","Carlos","R","R","CLE","P"
"413","chany001","Chang","Yu","R","R","CLE","SS"
"414","cimba001","Cimber","Adam","R","R","CLE","P"
"415","civaa001","Civale","Aaron","R","R","CLE","P"
"416","clevm001","Clevinger","Mike","R","R","CLE","P"
"417","clipt001","Clippard","Tyler","R","R","CLE","P"
"418","colea002","Cole","A.J.","R","R","CLE","P"
"419","edwaj001","Edwards","Jon","R","R","CLE","P"
"420","flahr001","Flaherty","Ryan","L","R","CLE","2B"
"421","freem002","Freeman","Mike","L","R","CLE","1B"
"422","gonzc001","Gonzalez","Carlos","L","L","CLE","OF"
"423","goodn001","Goody","Nick","R","R","CLE","P"
"424","haase001","Haase","Eric","R","R","CLE","C"
"425","handb001","Hand","Brad","L","L","CLE","P"
"426","hoytj001","Hoyt","James","R","R","CLE","P"
"427","karij001","Karinchak","James","R","R","CLE","P"
"428","kipnj001","Kipnis","Jason","L","R","CLE","2B"
"429","klubc001","Kluber","Corey","R","R","CLE","P"
"430","lindf001","Lindor","Francisco","B","R","CLE","SS"
"431","luplj001","Luplow","Jordan","R","R","CLE","OF"
"432","martl004","Martin","Leonys","L","R","CLE","OF"
"433","matop002","Maton","Phil","R","R","CLE","P"
"434","merco003","Mercado","Oscar","R","R","CLE","OF"
"435","millb002","Miller","Brad","L","R","CLE","SS"
"436","morom001","Moroff","Max","B","R","CLE","2B"
"437","naqut001","Naquin","Tyler","L","R","CLE","OF"
"438","olsot002","Olson","Tyler","R","L","CLE","P"
"439","oterd001","Otero","Dan","R","R","CLE","P"
"440","pereo002","Perez","Oliver","L","L","CLE","P"
"441","perer003","Perez","Roberto","R","R","CLE","C"
"442","plawk001","Plawecki","Kevin","R","R","CLE","C"
"443","plesz001","Plesac","Zach","R","R","CLE","P"
"444","pluta001","Plutko","Adam","R","R","CLE","P"
"445","puigy001","Puig","Yasiel","R","R","CLE","OF"
"446","ramih003","Ramirez","Hanley","R","R","CLE","SS"
"447","ramij003","Ramirez","Jose","B","R","CLE","P"
"448","ramin001","Ramirez","Neil","R","R","CLE","P"
"449","reyef001","Reyes","Franmil","R","R","CLE","OF"
"450","rodrj005","Rodriguez","Jefry","R","R","CLE","P"
"451","salad001","Salazar","Danny","R","R","CLE","P"
"452","santc002","Santana","Carlos","B","R","CLE","1B"
"453","smitj006","Smith","Josh","L","L","CLE","P"
"454","stame001","Stamets","Eric","R","R","CLE","2B"
"455","velaa001","Velazquez","Andrew","B","R","CLE","SS"
"456","wittn001","Wittgren","Nick","R","R","CLE","P"
"457","woodh001","Wood","Hunter","R","R","CLE","P"
"458","zimmb001","Zimmer","Bradley","L","R","CLE","OF"
"459","almoy001","Almonte","Yency","B","R","COL","P"
"460","alony001","Alonso","Yonder","L","R","COL","1B"
"461","andet002","Anderson","Tyler","L","L","COL","P"
"462","arenn001","Arenado","Nolan","R","R","COL","3B"
"463","bettc001","Bettis","Chad","R","R","COL","P"
"464","blacc001","Blackmon","Charlie","L","L","COL","OF"
"465","buted001","Butera","Drew","R","R","COL","C"
"466","cuevn001","Cuevas","Noel","R","R","COL","OF"
"467","dahld001","Dahl","David","L","R","COL","OF"
"468","daviw001","Davis","Wade","R","R","COL","P"
"469","dazay001","Daza","Yonathan","R","R","COL","OF"
"470","desmi001","Desmond","Ian","R","R","COL","SS"
"471","diazj006","Diaz","Jairo","R","R","COL","P"
"472","diehp001","Diehl","Phillip","L","L","COL","P"
"473","dunnm002","Dunn","Michael","L","L","COL","P"
"474","estec001","Estevez","Carlos","R","R","COL","P"
"475","freek001","Freeland","Kyle","L","L","COL","P"
"476","fuenj001","Fuentes","Josh","R","R","COL","3B"
"477","garcr006","Garcia","Rico","R","R","COL","P"
"478","gonzc002","Gonzalez","Chi Chi","R","R","COL","P"
"479","grayj003","Gray","Jon","R","R","COL","P"
"480","hampg001","Hampson","Garrett","R","R","COL","SS"
"481","harvj001","Harvey","Joe","R","R","COL","P"
"482","hills005","Hilliard","Sam","L","L","COL","OF"
"483","hoffj003","Hoffman","Jeff","R","R","COL","P"
"484","howas002","Howard","Sam","R","L","COL","P"
"485","iannc001","Iannetta","Chris","R","R","COL","C"
"486","johnd005","Johnson","D.J.","L","R","COL","P"
"487","lambp001","Lambert","Peter","R","R","COL","P"
"488","marqg001","Marquez","German","R","R","COL","P"
"489","mcgej001","McGee","Jake","L","L","COL","P"
"490","mcmar001","McMahon","Ryan","L","R","COL","3B"
"491","melvt001","Melville","Tim","R","R","COL","P"
"492","murpd006","Murphy","Daniel","L","R","COL","2B"
"493","musgh001","Musgrave","Harrison","L","L","COL","P"
"494","nuned001","Nunez","Dom","L","R","COL","C"
"495","obers001","Oberg","Scott","R","R","COL","P"
"496","oh--s001","Oh","Seung Hwan","R","R","COL","P"
"497","parsw001","Parsons","Wes","R","R","COL","P"
"498","pazoj001","Pazos","James","R","L","COL","P"
"499","reynm001","Reynolds","Mark","R","R","COL","1B"
"500","rodgb002","Rodgers","Brendan","R","R","COL","SS"
"501","rusic001","Rusin","Chris","L","L","COL","P"
"502","senza001","Senzatela","Antonio","R","R","COL","P"
"503","shawb001","Shaw","Bryan","B","R","COL","P"
"504","stort001","Story","Trevor","R","R","COL","SS"
"505","tapir001","Tapia","Raimel","L","L","COL","OF"
"506","tinoj001","Tinoco","Jesus","R","R","COL","P"
"507","valap001","Valaika","Pat","R","R","COL","SS"
"508","woltt001","Wolters","Tony","L","R","COL","C"
"509","adama001","Adams","Austin","R","R","DET","P"
"510","alcav001","Alcantara","Victor","R","R","DET","P"
"511","alext001","Alexander","Tyler","R","L","DET","P"
"512","baezs001","Baez","Sandy","R","R","DET","P"
"513","beckg001","Beckham","Gordon","R","R","DET","3B"
"514","boydm001","Boyd","Matt","L","L","DET","P"
"515","cabrm001","Cabrera","Miguel","R","R","DET","1B"
"516","candj002","Candelario","Jeimer","B","R","DET","3B"
"517","carpr001","Carpenter","Ryan","L","L","DET","P"
"518","castn001","Castellanos","Nick","R","R","DET","3B"
"519","casth001","Castro","Harold","L","R","DET","3B"
"520","castw003","Castro","Willi","B","R","DET","SS"
"521","cisnj001","Cisnero","Jose","R","R","DET","P"
"522","demet001","Demeritte","Travis","R","R","DET","OF"
"523","dixob001","Dixon","Brandon","R","R","DET","OF"
"524","farmb001","Farmer","Buck","L","R","DET","P"
"525","fernj005","Fernandez","Jose","L","L","DET","P"
"526","garcb001","Garcia","Bryan","R","R","DET","P"
"527","garrr001","Garrett","Reed","R","R","DET","P"
"528","goodn002","Goodrum","Niko","B","R","DET","OF"
"529","grees005","Greene","Shane","R","R","DET","P"
"530","greig001","Greiner","Grayson","R","R","DET","C"
"531","hallm002","Hall","Matt","L","L","DET","P"
"532","hardb001","Hardy","Blaine","L","L","DET","P"
"533","harrj002","Harrison","Josh","R","R","DET","3B"
"534","hickj001","Hicks","John","R","R","DET","C"
"535","jacke001","Jackson","Edwin","R","R","DET","P"
"536","jimee002","Jimenez","Eduardo","R","R","DET","P"
"537","jimej003","Jimenez","Joe","R","R","DET","P"
"538","jonej006","Jones","JaCoby","R","R","DET","3B"
"539","lugod001","Lugo","Dawel","R","R","DET","2B"
"540","mahtm001","Mahtook","Mikie","R","R","DET","OF"
"541","mckad001","McKay","David","R","R","DET","P"
"542","mercj002","Mercer","Jordy","R","R","DET","SS"
"543","moorm003","Moore","Matt","L","L","DET","P"
"544","norrd002","Norris","Daniel","L","L","DET","P"
"545","peted002","Peterson","Dustin","R","R","DET","OF"
"546","ramin003","Ramirez","Nick","L","L","DET","P"
"547","reinz001","Reininger","Zac","B","R","DET","P"
"548","reyev001","Reyes","Victor","B","R","DET","OF"
"549","rodrr009","Rodriguez","Ronny","R","R","DET","3B"
"550","rogej004","Rogers","Jake","R","R","DET","C"
"551","roset001","Rosenthal","Trevor","R","R","DET","P"
"552","rosst001","Ross","Tyson","R","R","DET","P"
"553","schrj001","Schreiber","John","R","R","DET","P"
"554","sotog003","Soto","Gregory","L","L","DET","P"
"555","stewc002","Stewart","Christin","L","R","DET","OF"
"556","stumd001","Stumpf","Daniel","L","L","DET","P"
"557","torrc001","Torres","Carlos","R","R","DET","P"
"558","turns003","Turnbull","Spencer","R","R","DET","P"
"559","verhd001","VerHagen","Drew","R","R","DET","P"
"560","wilsb002","Wilson","Bobby","R","R","DET","C"
"561","zimmj003","Zimmermann","Jordan","R","R","DET","P"
"562","abreb002","Abreu","Bryan","R","R","HOU","P"
"563","altuj001","Altuve","Jose","R","R","HOU","2B"
"564","alvay001","Alvarez","Yordan","L","R","HOU","1B"
"565","armer001","Armenteros","Rogelio","R","R","HOU","P"
"566","biagj001","Biagini","Joe","R","R","HOU","P"
"567","branm003","Brantley","Michael","L","L","HOU","OF"
"568","brega001","Bregman","Alex","R","R","HOU","SS"
"569","chirr001","Chirinos","Robinson","R","R","HOU","C"
"570","coleg001","Cole","Gerrit","R","R","HOU","P"
"571","corrc001","Correa","Carlos","R","R","HOU","SS"
"572","devec001","Devenski","Chris","R","R","HOU","P"
"573","diaza003","Diaz","Aledmys","R","R","HOU","SS"
"574","fishd001","Fisher","Derek","L","R","HOU","OF"
"575","greiz001","Greinke","Zack","R","R","HOU","P"
"576","gudur001","Guduan","Reymin","L","L","HOU","P"
"577","gurry001","Gurriel","Yulieski","R","R","HOU","3B"
"578","harrw002","Harris","Will","R","R","HOU","P"
"579","jamej002","James","Josh","R","R","HOU","P"
"580","kempt001","Kemp","Tony","L","R","HOU","OF"
"581","maldm001","Maldonado","Martin","R","R","HOU","C"
"582","marij002","Marisnick","Jake","R","R","HOU","OF"
"583","martc009","Martin","Corbin","R","R","HOU","P"
"584","mayfj001","Mayfield","Jack","R","R","HOU","2B"
"585","mchuc001","McHugh","Collin","R","R","HOU","P"
"586","milew001","Miley","Wade","L","L","HOU","P"
"587","osunr001","Osuna","Roberto","R","R","HOU","P"
"588","peacb001","Peacock","Brad","R","R","HOU","P"
"589","perec004","Perez","Cionel","L","L","HOU","P"
"590","presr001","Pressly","Ryan","R","R","HOU","P"
"591","reddj001","Reddick","Josh","L","R","HOU","OF"
"592","rodgb001","Rodgers","Brady","R","R","HOU","P"
"593","rondh001","Rondon","Hector","R","R","HOU","P"
"594","sanca006","Sanchez","Aaron","R","R","HOU","P"
"595","smitj002","Smith","Joe","R","R","HOU","P"
"596","sneec001","Sneed","Cy","R","R","HOU","P"
"597","sprig001","Springer","George","R","R","HOU","OF"
"598","stasm001","Stassi","Max","R","R","HOU","C"
"599","stram002","Straw","Myles","R","R","HOU","OF"
"600","stubg001","Stubbs","Garrett","L","R","HOU","C"
"601","toroa001","Toro","Abraham","B","R","HOU","3B"
"602","tuckk001","Tucker","Kyle","L","R","HOU","OF"
"603","urquj001","Urquidy","Jose","R","R","HOU","P"
"604","valdf001","Valdez","Framber","L","L","HOU","P"
"605","verlj001","Verlander","Justin","R","R","HOU","P"
"606","whitt002","White","Tyler","R","R","HOU","1B"
"607","arteh001","Arteaga","Humberto","R","R","KCA","SS"
"608","bailh001","Bailey","Homer","R","R","KCA","P"
"609","barls001","Barlow","Scott","R","R","KCA","P"
"610","barnj002","Barnes","Jacob","R","R","KCA","P"
"611","bonij002","Bonifacio","Jorge","R","R","KCA","OF"
"612","boxbb001","Boxberger","Brad","R","R","KCA","P"
"613","cuthc001","Cuthbert","Cheslor","R","R","KCA","3B"
"614","diekj001","Diekman","Jake","L","L","KCA","P"
"615","dinin001","Dini","Nick","R","R","KCA","C"
"616","dozih001","Dozier","Hunter","R","R","KCA","OF"
"617","dudal001","Duda","Lucas","L","R","KCA","1B"
"618","duffd001","Duffy","Danny","L","L","KCA","P"
"619","ellic001","Ellis","Chris","L","R","KCA","P"
"620","fillh001","Fillmyer","Heath","R","R","KCA","P"
"621","flynb001","Flynn","Brian","L","L","KCA","P"
"622","gallc001","Gallagher","Cam","R","R","KCA","C"
"623","gorda001","Gordon","Alex","L","R","KCA","OF"
"624","goret001","Gore","Terrance","R","R","KCA","OF"
"625","gutik001","Gutierrez","Kelvin","R","R","KCA","3B"
"626","hamib001","Hamilton","Billy","B","R","KCA","OF"
"627","hahnj001","Hahn","Jesse","R","R","KCA","P"
"628","hillt002","Hill","Tim","L","L","KCA","P"
"629","junij001","Junis","Jake","R","R","KCA","P"
"630","kellb003","Keller","Brad","R","R","KCA","P"
"631","kenni001","Kennedy","Ian","R","R","KCA","P"
"632","liveb001","Lively","Ben","R","R","KCA","P"
"633","lopej004","Lopez","Jorge","R","R","KCA","P"
"634","lopen001","Lopez","Nicky","L","R","KCA","SS"
"635","lover001","Lovelady","Richard","L","L","KCA","P"
"636","maldm001","Maldonado","Martin","R","R","KCA","C"
"637","mcbrr001","McBroom","Ryan","R","L","KCA","1B"
"638","mccak002","McCarthy","Kevin","R","R","KCA","P"
"639","mejie001","Mejia","Erick","B","R","KCA","2B"
"640","merrw001","Merrifield","Whit","R","R","KCA","OF"
"641","mondr003","Mondesi","Adalberto","B","R","KCA","SS"
"642","montm002","Montgomery","Mike","L","L","KCA","P"
"643","newbj001","Newberry","Jake","R","R","KCA","P"
"644","ohear001","O'Hearn","Ryan","L","L","KCA","1B"
"645","owinc001","Owings","Chris","R","R","KCA","2B"
"646","peraw001","Peralta","Wily","R","R","KCA","P"
"647","philb002","Phillips","Brett","L","R","KCA","OF"
"648","rosar002","Rosario","Randy","L","L","KCA","P"
"649","schwf001","Schwindel","Frank","R","R","KCA","1B"
"650","skoge001","Skoglund","Eric","L","L","KCA","P"
"651","solej001","Soler","Jorge","R","R","KCA","OF"
"652","sparg001","Sparkman","Glenn","B","R","KCA","P"
"653","speig001","Speier","Gabe","L","L","KCA","P"
"654","starb001","Starling","Bubba","R","R","KCA","OF"
"655","stauj001","Staumont","Josh","R","R","KCA","P"
"656","vilom001","Viloria","Meibrys","L","R","KCA","C"
"657","zimmk001","Zimmer","Kyle","R","R","KCA","P"
"658","alexs001","Alexander","Scott","L","L","LAN","P"
"659","baezp001","Baez","Pedro","R","R","LAN","P"
"660","barna001","Barnes","Austin","R","R","LAN","C"
"661","beatm001","Beaty","Matt","L","R","LAN","1B"
"662","bellc002","Bellinger","Cody","L","L","LAN","1B"
"663","buehw001","Buehler","Walker","R","R","LAN","P"
"664","charj001","Chargois","J.T.","B","R","LAN","P"
"665","darnt001","d'Arnaud","Travis","R","R","LAN","C"
"666","fergc001","Ferguson","Caleb","R","L","LAN","P"
"667","flord002","Floro","Dylan","L","R","LAN","P"
"668","freed001","Freese","David","R","R","LAN","3B"
"669","galer002","Gale","Rocky","R","R","LAN","C"
"670","garcy001","Garcia","Yimi","R","R","LAN","P"
"671","garlk001","Garlick","Kyle","R","R","LAN","OF"
"672","gonst001","Gonsolin","Tony","R","R","LAN","P"
"673","gyorj001","Gyorko","Jedd","R","R","LAN","2B"
"674","herne001","Hernandez","Enrique","R","R","LAN","OF"
"675","hillr001","Hill","Rich","L","L","LAN","P"
"676","jansk001","Jansen","Kenley","B","R","LAN","P"
"677","kellj001","Kelly","Joe","R","R","LAN","P"
"678","kersc001","Kershaw","Clayton","L","L","LAN","P"
"679","kolaa001","Kolarek","Adam","L","L","LAN","P"
"680","lux-g001","Lux","Gavin","L","R","LAN","2B"
"681","maedk001","Maeda","Kenta","R","R","LAN","P"
"682","martr004","Martin","Russell","R","R","LAN","C"
"683","may-d003","May","Dustin","R","R","LAN","P"
"684","muncm001","Muncy","Max","L","R","LAN","1B"
"685","negrk001","Negron","Kristopher","R","R","LAN","OF"
"686","pedej001","Pederson","Joc","L","L","LAN","OF"
"687","polla001","Pollock","A.J.","R","R","LAN","OF"
"688","riose001","Rios","Edwin","L","R","LAN","3B"
"689","rossz001","Rosscup","Zac","R","L","LAN","P"
"690","ryu-h001","Ryu","Hyun-Jin","R","L","LAN","P"
"691","sadlc002","Sadler","Casey","R","R","LAN","P"
"692","santd003","Santana","Dennis","R","R","LAN","P"
"693","sborj002","Sborz","Josh","R","R","LAN","P"
"694","schuj002","Schultz","Jaime","R","R","LAN","P"
"695","seagc001","Seager","Corey","L","R","LAN","SS"
"696","smitw003","Smith","Will","R","R","LAN","C"
"697","stewb001","Stewart","Brock","L","R","LAN","P"
"698","strir001","Stripling","Ross","R","R","LAN","P"
"699","taylc001","Taylor","Chris","R","R","LAN","SS"
"700","turnj001","Turner","Justin","R","R","LAN","3B"
"701","uriaj001","Urias","Julio","L","L","LAN","P"
"702","verda001","Verdugo","Alex","L","L","LAN","OF"
"703","whitt002","White","Tyler","R","R","LAN","1B"
"704","alcas001","Alcantara","Sandy","R","R","MIA","P"
"705","alfaj002","Alfaro","Jorge","R","R","MIA","C"
"706","andeb006","Anderson","Brian","R","R","MIA","3B"
"707","anden001","Anderson","Nick","R","R","MIA","P"
"708","bertj001","Berti","Jon","R","R","MIA","3B"
"709","brica001","Brice","Austin","R","R","MIA","P"
"710","brigj002","Brigham","Jeff","R","R","MIA","P"
"711","brinl001","Brinson","Lewis","R","R","MIA","OF"
"712","casts001","Castro","Starlin","R","R","MIA","SS"
"713","castw001","Castillo","Wilkin","B","R","MIA","C"
"714","chenw001","Chen","Wei-Yin","R","L","MIA","P"
"715","conla001","Conley","Adam","L","L","MIA","P"
"716","coopg002","Cooper","Garrett","R","R","MIA","1B"
"717","deana001","Dean","Austin","R","R","MIA","OF"
"718","diazi001","Diaz","Isan","L","R","MIA","2B"
"719","duggr001","Dugger","Robert","R","R","MIA","P"
"720","gallz001","Gallen","Zac","R","R","MIA","P"
"721","galli001","Galloway","Isaac","R","R","MIA","OF"
"722","garcj006","Garcia","Jarlin","L","L","MIA","P"
"723","granc001","Granderson","Curtis","L","R","MIA","OF"
"724","guert001","Guerrero","Tayron","R","R","MIA","P"
"725","heint001","Heineman","Tyler","B","R","MIA","C"
"726","herne002","Hernandez","Elieser","R","R","MIA","P"
"727","herrr002","Herrera","Rosell","B","R","MIA","SS"
"728","holab001","Holaday","Bryan","R","R","MIA","C"
"729","kellk003","Keller","Kyle","R","R","MIA","P"
"730","kinlt001","Kinley","Tyler","R","R","MIA","P"
"731","lopep002","Lopez","Pablo","L","R","MIA","P"
"732","marrd001","Marrero","Deven","R","R","MIA","3B"
"733","morab001","Moran","Brian","L","L","MIA","P"
"734","noesh001","Noesi","Hector","R","R","MIA","P"
"735","obrip002","O'Brien","Peter","R","R","MIA","OF"
"736","pradm001","Prado","Martin","R","R","MIA","3B"
"737","puelc001","Puello","Cesar","R","R","MIA","OF"
"738","quijj001","Quijada","Jose","L","L","MIA","P"
"739","ramih004","Ramirez","Harold","R","R","MIA","OF"
"740","richt001","Richards","Trevor","R","R","MIA","P"
"741","riddj001","Riddle","J.T.","L","R","MIA","SS"
"742","rivey001","Rivera","Yadiel","R","R","MIA","2B"
"743","rojam002","Rojas","Miguel","R","R","MIA","SS"
"744","romos001","Romo","Sergio","R","R","MIA","P"
"745","sierm002","Sierra","Magneuris","L","L","MIA","OF"
"746","smitc006","Smith","Caleb","R","L","MIA","P"
"747","smitj006","Smith","Josh","L","L","MIA","P"
"748","stanr002","Stanek","Ryne","R","R","MIA","P"
"749","stecd001","Steckenrider","Drew","R","R","MIA","P"
"750","urenj001","Urena","Jose","R","R","MIA","P"
"751","walkn001","Walker","Neil","B","R","MIA","2B"
"752","wallc001","Wallach","Chad","R","R","MIA","C"
"753","yamaj001","Yamamoto","Jordan","R","R","MIA","P"
"754","aguij001","Aguilar","Jesus","R","R","MIL","1B"
"755","albem001","Albers","Matt","L","R","MIL","P"
"756","andec001","Anderson","Chase","R","R","MIL","P"
"757","arcio002","Arcia","Orlando","R","R","MIL","SS"
"758","austt001","Austin","Tyler","R","R","MIL","OF"
"759","barnj002","Barnes","Jacob","R","R","MIL","P"
"760","blacr001","Black","Ray","R","R","MIL","P"
"761","braur002","Braun","Ryan","R","R","MIL","OF"
"762","burnc002","Burnes","Corbin","R","R","MIL","P"
"763","cainl001","Cain","Lorenzo","R","R","MIL","OF"
"764","chacj001","Chacin","Jhoulys","R","R","MIL","P"
"765","claua001","Claudio","Alex","L","L","MIL","P"
"766","daviz001","Davies","Zach","R","R","MIL","P"
"767","dubom001","Dubon","Mauricio","R","R","MIL","SS"
"768","farij001","Faria","Jacob","R","R","MIL","P"
"769","freid001","Freitas","David","R","R","MIL","C"
"770","gameb001","Gamel","Ben","L","L","MIL","OF"
"771","gonzg003","Gonzalez","Gio","R","L","MIL","P"
"772","grany001","Grandal","Yasmani","B","R","MIL","C"
"773","grist001","Grisham","Trent","L","L","MIL","OF"
"774","guerd001","Guerra","Deolis","R","R","MIL","P"
"775","guerj003","Guerra","Junior","R","R","MIL","P"
"776","hadej001","Hader","Josh","L","L","MIL","P"
"777","hartd002","Hart","Donnie","L","L","MIL","P"
"778","hiurk001","Hiura","Keston","R","R","MIL","2B"
"779","housa001","Houser","Adrian","R","R","MIL","P"
"780","jackj001","Jackson","Jay","R","R","MIL","P"
"781","jeffj001","Jeffress","Jeremy","R","R","MIL","P"
"782","lylej001","Lyles","Jordan","R","R","MIL","P"
"783","mousm001","Moustakas","Mike","L","R","MIL","3B"
"784","nelsj004","Nelson","Jimmy","R","R","MIL","P"
"785","nottj001","Nottingham","Jacob","R","R","MIL","C"
"786","peraf001","Peralta","Freddy","R","R","MIL","P"
"787","pereh001","Perez","Hernan","R","R","MIL","3B"
"788","petrj001","Petricka","Jake","R","R","MIL","P"
"789","pinam001","Pina","Manny","R","R","MIL","C"
"790","pomed001","Pomeranz","Drew","R","L","MIL","P"
"791","salat001","Saladino","Tyler","R","R","MIL","3B"
"792","shawt001","Shaw","Travis","L","R","MIL","1B"
"793","smitb005","Smith","Burch","R","R","MIL","P"
"794","spanc001","Spangenberg","Cory","L","R","MIL","2B"
"795","suteb001","Suter","Brent","L","L","MIL","P"
"796","taylt002","Taylor","Tyrone","R","R","MIL","OF"
"797","thame001","Thames","Eric","L","R","MIL","OF"
"798","wilka003","Wilkerson","Aaron","R","R","MIL","P"
"799","willd004","Williams","Devin","R","R","MIL","P"
"800","willt003","Williams","Taylor","B","R","MIL","P"
"801","wilsa001","Wilson","Alex","R","R","MIL","P"
"802","woodb005","Woodruff","Brandon","L","R","MIL","P"
"803","yelic001","Yelich","Christian","L","R","MIL","OF"
"804","adama001","Adams","Austin","R","R","MIN","P"
"805","adrie001","Adrianza","Ehire","B","R","MIN","2B"
"806","alcaj001","Alcala","Jorge","R","R","MIN","P"
"807","arral001","Arraez","Luis","L","R","MIN","2B"
"808","astuw001","Astudillo","Willians","R","R","MIN","C"
"809","austt001","Austin","Tyler","R","R","MIN","OF"
"810","berrj001","Berrios","Jose","R","R","MIN","P"
"811","buxtb001","Buxton","Byron","R","R","MIN","OF"
"812","castj006","Castro","Jason","L","R","MIN","C"
"813","cavej001","Cave","Jake","L","L","MIN","OF"
"814","cronc002","Cron","C.J.","R","R","MIN","1B"
"815","cruzn002","Cruz","Nelson","R","R","MIN","OF"
"816","dejoc001","De Jong","Chase","L","R","MIN","P"
"817","dobnr001","Dobnak","Randy","R","R","MIN","P"
"818","dufft001","Duffey","Tyler","R","R","MIN","P"
"819","dysos001","Dyson","Sam","R","R","MIN","P"
"820","eader001","Eades","Ryan","R","R","MIN","P"
"821","garvm001","Garver","Mitch","R","R","MIN","C"
"822","gibsk002","Gibson","Kyle","R","R","MIN","P"
"823","gonzm002","Gonzalez","Marwin","B","R","MIN","1B"
"824","gratb002","Graterol","Brusdar","R","R","MIN","P"
"825","harpr001","Harper","Ryne","R","R","MIN","P"
"826","hildt001","Hildenberger","Trevor","R","R","MIN","P"
"827","keplm001","Kepler","Max","L","L","MIN","OF"
"828","lamar001","LaMarre","Ryan","R","L","MIN","OF"
"829","littz001","Littell","Zack","R","R","MIN","P"
"830","magim001","Magill","Matt","R","R","MIN","P"
"831","may-t001","May","Trevor","R","R","MIN","P"
"832","mejia001","Mejia","Adalberto","R","L","MIN","P"
"833","milli001","Miller","Ian","L","R","MIN","OF"
"834","morim002","Morin","Mike","R","R","MIN","P"
"835","odorj001","Odorizzi","Jake","R","R","MIN","P"
"836","parkb001","Parker","Blake","R","R","MIN","P"
"837","perem004","Perez","Martin","L","L","MIN","P"
"838","pinem001","Pineda","Michael","R","R","MIN","P"
"839","polaj001","Polanco","Jorge","B","R","MIN","SS"
"840","popps001","Poppen","Sean","R","R","MIN","P"
"841","roget001","Rogers","Taylor","L","L","MIN","P"
"842","romef001","Romero","Fernando","R","R","MIN","P"
"843","romos001","Romo","Sergio","R","R","MIN","P"
"844","rosae001","Rosario","Eddie","L","R","MIN","OF"
"845","sanom001","Sano","Miguel","R","R","MIN","DH"
"846","schoj001","Schoop","Jonathan","R","R","MIN","2B"
"847","smeld001","Smeltzer","Devin","R","L","MIN","P"
"848","stasc001","Stashak","Cody","R","R","MIN","P"
"849","stewk001","Stewart","Kohl","R","R","MIN","P"
"850","thorl002","Thorpe","Lewis","R","L","MIN","P"
"851","torrr001","Torreyes","Ronald","R","R","MIN","2B"
"852","vasqa002","Vasquez","Andrew","L","L","MIN","P"
"853","wadel001","Wade","LaMonte","L","L","MIN","OF"
"854","adamc002","Adams","Chance","R","R","NYA","P"
"855","andum001","Andujar","Miguel","R","R","NYA","3B"
"856","barrj002","Barrett","Jake","R","R","NYA","P"
"857","betad001","Betances","Dellin","R","R","NYA","P"
"858","birdg001","Bird","Greg","L","R","NYA","1B"
"859","britz001","Britton","Zack","L","L","NYA","P"
"860","cessl001","Cessa","Luis","R","R","NYA","P"
"861","chapa001","Chapman","Aroldis","L","L","NYA","P"
"862","cortn001","Cortes","Nestor","R","L","NYA","P"
"863","dullr001","Dull","Ryan","R","R","NYA","P"
"864","encae001","Encarnacion","Edwin","R","R","NYA","DH"
"865","estrt001","Estrada","Thairo","R","R","NYA","SS"
"866","fordm002","Ford","Mike","L","R","NYA","1B"
"867","frazc001","Frazier","Clint","R","R","NYA","OF"
"868","gardb001","Gardner","Brett","L","L","NYA","OF"
"869","gearc001","Gearrin","Cory","R","R","NYA","P"
"870","germd001","German","Domingo","R","R","NYA","P"
"871","greec003","Green","Chad","L","R","NYA","P"
"872","gregd001","Gregorius","Didi","L","R","NYA","SS"
"873","haled001","Hale","David","R","R","NYA","P"
"874","happj001","Happ","J.A.","L","L","NYA","P"
"875","harvj001","Harvey","Joe","R","R","NYA","P"
"876","hellb001","Heller","Ben","R","R","NYA","P"
"877","hicka001","Hicks","Aaron","B","R","NYA","OF"
"878","higak001","Higashioka","Kyle","R","R","NYA","C"
"879","holdj002","Holder","Jonathan","R","R","NYA","P"
"880","judga001","Judge","Aaron","R","R","NYA","OF"
"881","kahnt001","Kahnle","Tommy","R","R","NYA","P"
"882","kingm002","King","Michael","R","R","NYA","P"
"883","lailb001","Lail","Brady","R","R","NYA","P"
"884","lemad001","LeMahieu","DJ","R","R","NYA","2B"
"885","loaij001","Loaisiga","Jonathan","R","R","NYA","P"
"886","lyont001","Lyons","Tyler","B","L","NYA","P"
"887","mantj002","Mantiply","Joe","R","L","NYA","P"
"888","maybc001","Maybin","Cameron","R","R","NYA","OF"
"889","montj004","Montgomery","Jordan","L","L","NYA","P"
"890","morak001","Morales","Kendrys","B","R","NYA","DH"
"891","ottaa001","Ottavino","Adam","B","R","NYA","P"
"892","paxtj001","Paxton","James","L","L","NYA","P"
"893","romia002","Romine","Austin","R","R","NYA","C"
"894","rosaa004","Rosa","Adonis","R","R","NYA","P"
"895","sabac001","Sabathia","CC","L","L","NYA","P"
"896","sancg002","Sanchez","Gary","R","R","NYA","C"
"897","sevel001","Severino","Luis","R","R","NYA","P"
"898","stanm004","Stanton","Giancarlo","R","R","NYA","OF"
"899","tanam001","Tanaka","Masahiro","R","R","NYA","P"
"900","taucm001","Tauchman","Mike","L","L","NYA","OF"
"901","tarps001","Tarpley","Stephen","R","L","NYA","P"
"902","torrg001","Torres","Gleyber","R","R","NYA","2B"
"903","tulot001","Tulowitzki","Troy","R","R","NYA","SS"
"904","urshg001","Urshela","Gio","R","R","NYA","3B"
"905","valeb001","Valera","Breyvic","B","R","NYA","2B"
"906","voitl001","Voit","Luke","R","R","NYA","1B"
"907","wadet002","Wade","Tyler","L","R","NYA","P"
"908","alonp001","Alonso","Pete","R","R","NYN","1B"
"909","altha001","Altherr","Aaron","R","R","NYN","OF"
"910","avill001","Avilan","Luis","L","L","NYN","P"
"911","basht001","Bashlor","Tyler","R","R","NYN","P"
"912","bracb001","Brach","Brad","R","R","NYN","P"
"913","broxk001","Broxton","Keon","R","R","NYN","OF"
"914","canor001","Cano","Robinson","L","R","NYN","2B"
"915","confm001","Conforto","Michael","L","R","NYN","OF"
"916","darnt001","d'Arnaud","Travis","R","R","NYN","C"
"917","davij006","Davis","J.D.","R","R","NYN","3B"
"918","degrj001","deGrom","Jacob","L","R","NYN","P"
"919","diaze006","Diaz","Edwin","R","R","NYN","P"
"920","davir003","Davis","Rajai","R","R","NYN","OF"
"921","famij001","Familia","Jeurys","R","R","NYN","P"
"922","flexc001","Flexen","Chris","R","R","NYN","P"
"923","fontw001","Font","Wilmer","R","R","NYN","P"
"924","frazt001","Frazier","Todd","R","R","NYN","3B"
"925","gagnd001","Gagnon","Drew","R","R","NYN","P"
"926","gomec002","Gomez","Carlos","R","R","NYN","OF"
"927","gselr001","Gsellman","Robert","R","R","NYN","P"
"928","guill001","Guillorme","Luis","L","R","NYN","SS"
"929","haggs001","Haggerty","Sam","B","R","NYN","2B"
"930","hartd002","Hart","Donnie","L","L","NYN","P"
"931","hecha001","Hechavarria","Adeiny","R","R","NYN","SS"
"932","lagaj001","Lagares","Juan","R","R","NYN","OF"
"933","lockw001","Lockett","Walker","R","R","NYN","P"
"934","lowrj001","Lowrie","Jed","B","R","NYN","3B"
"935","lugos001","Lugo","Seth","R","R","NYN","P"
"936","matzs001","Matz","Steven","R","L","NYN","P"
"937","mazzc002","Mazza","Chris","R","R","NYN","P"
"938","mcnej002","McNeil","Jeff","L","R","NYN","2B"
"939","nidot001","Nido","Tomas","R","R","NYN","C"
"940","nimmb001","Nimmo","Brandon","L","R","NYN","OF"
"941","nogos001","Nogosek","Stephen","R","R","NYN","P"
"942","orour001","O'Rourke","Ryan","R","L","NYN","P"
"943","oswac001","Oswalt","Corey","R","R","NYN","P"
"944","panij002","Panik","Joe","L","R","NYN","2B"
"945","petet001","Peterson","Tim","R","R","NYN","P"
"946","pounb001","Pounders","Brooks","R","R","NYN","P"
"947","ramow001","Ramos","Wilson","R","R","NYN","C"
"948","rhamj001","Rhame","Jacob","R","R","NYN","P"
"949","river003","Rivera","Rene","R","R","NYN","C"
"950","rosaa003","Rosario","Amed","R","R","NYN","SS"
"951","santh001","Santiago","Hector","R","L","NYN","P"
"952","sewap001","Sewald","Paul","R","R","NYN","P"
"953","smitd008","Smith","Dominic","L","L","NYN","1B"
"954","strom001","Stroman","Marcus","R","R","NYN","P"
"955","syndn001","Syndergaard","Noah","L","R","NYN","P"
"956","tejar001","Tejada","Ruben","R","R","NYN","SS"
"957","vargj001","Vargas","Jason","L","L","NYN","P"
"958","wheez001","Wheeler","Zack","L","R","NYN","P"
"959","wilsj004","Wilson","Justin","L","L","NYN","P"
"960","zamod001","Zamora","Daniel","L","L","NYN","P"
"961","andeb004","Anderson","Brett","L","L","OAK","P"
"962","andet003","Anderson","Tanner","R","R","OAK","P"
"963","bailh001","Bailey","Homer","R","R","OAK","P"
"964","barrf001","Barreto","Franklin","R","R","OAK","SS"
"965","bassc001","Bassitt","Chris","R","R","OAK","P"
"966","blacp001","Blackburn","Paul","R","R","OAK","P"
"967","bolts001","Bolt","Skye","B","R","OAK","OF"
"968","brooa001","Brooks","Aaron","R","R","OAK","P"
"969","brows003","Brown","Seth","L","L","OAK","1B"
"970","buchr001","Buchter","Ryan","L","L","OAK","P"
"971","canhm001","Canha","Mark","R","R","OAK","OF"
"972","chapm001","Chapman","Matt","R","R","OAK","3B"
"973","davik003","Davis","Khris","R","R","OAK","OF"
"974","diekj001","Diekman","Jake","L","L","OAK","P"
"975","dullr001","Dull","Ryan","R","R","OAK","P"
"976","estrm001","Estrada","Marco","R","R","OAK","P"
"977","fierm001","Fiers","Mike","R","R","OAK","P"
"978","garnd001","Garneau","Dustin","R","R","OAK","C"
"979","grosr001","Grossman","Robbie","B","L","OAK","OF"
"980","hendl001","Hendriks","Liam","R","R","OAK","P"
"981","herrc001","Herrmann","Chris","L","R","OAK","C"
"982","hundn001","Hundley","Nick","R","R","OAK","C"
"983","josec001","Joseph","Corban","L","R","OAK","1B"
"984","laurr001","Laureano","Ramon","R","R","OAK","OF"
"985","luzaj001","Luzardo","Jesus","L","L","OAK","P"
"986","manas001","Manaea","Sean","R","L","OAK","P"
"987","martn003","Martini","Nick","L","L","OAK","OF"
"988","mengd001","Mengden","Daniel","R","R","OAK","P"
"989","montf001","Montas","Frankie","R","R","OAK","P"
"990","morak001","Morales","Kendrys","B","R","OAK","DH"
"991","murps001","Murphy","Sean","R","R","OAK","C"
"992","neuss001","Neuse","Sheldon","R","R","OAK","3B"
"993","olsom001","Olson","Matt","L","R","OAK","1B"
"994","petiy001","Petit","Yusmeiro","R","R","OAK","P"
"995","phegj001","Phegley","Josh","R","R","OAK","C"
"996","pindc001","Pinder","Chad","R","R","OAK","2B"
"997","piscs001","Piscotty","Stephen","R","R","OAK","OF"
"998","profj001","Profar","Jurickson","B","R","OAK","2B"
"999","puk-a001","Puk","A.J.","L","L","OAK","P"
"1000","roart001","Roark","Tanner","R","R","OAK","P"
"1001","rodnf001","Rodney","Fernando","R","R","OAK","P"
"1002","schlb001","Schlitter","Brian","R","R","OAK","P"
"1003","semim001","Semien","Marcus","R","R","OAK","SS"
"1004","sorij001","Soria","Joakim","R","R","OAK","P"
"1005","taylb003","Taylor","Beau","L","R","OAK","C"
"1006","treib001","Treinen","Blake","R","R","OAK","P"
"1007","trivl001","Trivino","Lou","R","R","OAK","P"
"1008","wangw001","Wang","Wei-Chung","L","L","OAK","P"
"1009","wendj001","Wendelken","J.B.","R","R","OAK","P"
"1010","altha001","Altherr","Aaron","R","R","PHI","OF"
"1011","alvaj003","Alvarez","Jose","L","L","PHI","P"
"1012","anded003","Anderson","Drew","R","R","PHI","P"
"1013","aranv001","Arano","Victor","R","R","PHI","P"
"1014","arrij001","Arrieta","Jake","R","R","PHI","P"
"1015","branr002","Brantly","Rob","L","R","PHI","C"
"1016","brucj001","Bruce","Jay","L","L","PHI","OF"
"1017","cozed001","Cozens","Dylan","L","L","PHI","OF"
"1018","davia003","Davis","Austin","L","L","PHI","P"
"1019","deloe001","De Los Santos","Enyel","R","R","PHI","P"
"1020","dickc002","Dickerson","Corey","L","R","PHI","OF"
"1021","domis001","Dominguez","Seranthony","R","R","PHI","P"
"1022","efliz001","Eflin","Zach","R","R","PHI","P"
"1023","eickj001","Eickhoff","Jerad","R","R","PHI","P"
"1024","franm004","Franco","Maikel","R","R","PHI","3B"
"1025","garce001","Garcia","Edgar","R","R","PHI","P"
"1026","gossp001","Gosselin","Phil","R","R","PHI","2B"
"1027","gruld001","Grullon","Deivy","R","R","PHI","C"
"1028","hammj003","Hammer","JD","R","R","PHI","P"
"1029","harpb003","Harper","Bryce","L","R","PHI","OF"
"1030","hasea001","Haseley","Adam","L","L","PHI","OF"
"1031","hernc005","Hernandez","Cesar","B","R","PHI","2B"
"1032","herro001","Herrera","Odubel","L","R","PHI","OF"
"1033","hoskr001","Hoskins","Rhys","R","R","PHI","1B"
"1034","hughj001","Hughes","Jared","R","R","PHI","P"
"1035","huntt002","Hunter","Tommy","R","R","PHI","P"
"1036","irvic001","Irvin","Cole","L","L","PHI","P"
"1037","kings001","Kingery","Scott","R","R","PHI","2B"
"1038","knapa001","Knapp","Andrew","B","R","PHI","C"
"1039","mccua001","McCutchen","Andrew","R","R","PHI","OF"
"1040","millb002","Miller","Brad","L","R","PHI","SS"
"1041","morga001","Morgan","Adam","L","L","PHI","P"
"1042","morim002","Morin","Mike","R","R","PHI","P"
"1043","morrl001","Morrison","Logan","L","L","PHI","1B"
"1044","nerih001","Neris","Hector","R","R","PHI","P"
"1045","neshp001","Neshek","Pat","B","R","PHI","P"
"1046","nicaj001","Nicasio","Juan","R","R","PHI","P"
"1047","nolaa001","Nola","Aaron","R","R","PHI","P"
"1048","parkb001","Parker","Blake","R","R","PHI","P"
"1049","pirej001","Pirela","Jose","R","R","PHI","OF"
"1050","piven001","Pivetta","Nick","R","R","PHI","P"
"1051","quinr003","Quinn","Roman","B","R","PHI","OF"
"1052","ramoe002","Ramos","Edubray","R","R","PHI","P"
"1053","realj001","Realmuto","J.T.","R","R","PHI","C"
"1054","robed002","Robertson","David","R","R","PHI","P"
"1055","rodrs002","Rodriguez","Sean","R","R","PHI","1B"
"1056","riosy001","Rios","Yacksel","R","R","PHI","P"
"1057","salaf001","Salas","Fernando","R","R","PHI","P"
"1058","seguj002","Segura","Jean","R","R","PHI","SS"
"1059","smyld001","Smyly","Drew","L","L","PHI","P"
"1060","suarr001","Suarez","Ranger","L","L","PHI","P"
"1061","vargj001","Vargas","Jason","L","L","PHI","P"
"1062","velav001","Velasquez","Vincent","R","R","PHI","P"
"1063","vincn001","Vincent","Nick","R","R","PHI","P"
"1064","waldm001","Walding","Mitch","L","R","PHI","3B"
"1065","willn001","Williams","Nick","L","L","PHI","OF"
"1066","archc001","Archer","Chris","R","R","PIT","P"
"1067","agrad001","Agrazal","Dario","R","R","PIT","P"
"1068","baros002","Baron","Steve","R","R","PIT","C"
"1069","bellj005","Bell","Josh","B","R","PIT","1B"
"1070","braus002","Brault","Steven","L","L","PIT","P"
"1071","burdn001","Burdi","Nick","R","R","PIT","P"
"1072","cabrm002","Cabrera","Melky","B","L","PIT","OF"
"1073","cervf001","Cervelli","Francisco","R","R","PIT","C"
"1074","crick001","Crick","Kyle","L","R","PIT","P"
"1075","davir004","Davis","Rookie","R","R","PIT","P"
"1076","diaze005","Diaz","Elias","R","R","PIT","C"
"1077","dickc002","Dickerson","Corey","L","R","PIT","OF"
"1078","duram002","DuRapau","Montana","R","R","PIT","P"
"1079","elmoj001","Elmore","Jake","R","R","PIT","2B"
"1080","escol001","Escobar","Luis","R","R","PIT","P"
"1081","felim001","Feliz","Michael","R","R","PIT","P"
"1082","fraza001","Frazier","Adam","L","R","PIT","OF"
"1083","gonze004","Gonzalez","Erik","R","R","PIT","SS"
"1084","hartg001","Hartlieb","Geoff","R","R","PIT","P"
"1085","holmc001","Holmes","Clay","R","R","PIT","P"
"1086","jerew001","Jerez","Williams","L","L","PIT","P"
"1087","josec001","Joseph","Corban","L","R","PIT","1B"
"1088","kangj001","Kang","Jung Ho","R","R","PIT","3B"
"1089","kelak001","Kela","Keone","R","R","PIT","P"
"1090","kellm003","Keller","Mitch","R","R","PIT","P"
"1091","kingn001","Kingham","Nick","R","R","PIT","P"
"1092","kramk001","Kramer","Kevin","L","R","PIT","2B"
"1093","lirif001","Liriano","Francisco","L","L","PIT","P"
"1094","lylej001","Lyles","Jordan","R","R","PIT","P"
"1095","lyont001","Lyons","Tyler","B","L","PIT","P"
"1096","markp001","Markel","Parker","R","R","PIT","P"
"1097","marts002","Marte","Starling","R","R","PIT","OF"
"1098","martj009","Martin","Jason","L","R","PIT","OF"
"1099","marvj001","Marvel","James","R","R","PIT","P"
"1100","mcraa001","McRae","Alex","R","R","PIT","P"
"1101","morac001","Moran","Colin","L","R","PIT","3B"
"1102","musgj001","Musgrove","Joe","R","R","PIT","P"
"1103","neved001","Neverauskas","Dovydas","R","R","PIT","P"
"1104","newmk001","Newman","Kevin","R","R","PIT","2B"
"1105","osunj001","Osuna","Jose","R","R","PIT","OF"
"1106","polag001","Polanco","Gregory","L","L","PIT","OF"
"1107","ramiy001","Ramirez","Yefry","R","R","PIT","P"
"1108","reyep001","Reyes","Pablo","R","R","PIT","OF"
"1109","reynb001","Reynolds","Bryan","B","R","PIT","OF"
"1110","riosy001","Rios","Yacksel","R","R","PIT","P"
"1111","rodrr008","Rodriguez","Richard","R","R","PIT","P"
"1112","shucj001","Shuck","J.B.","L","L","PIT","OF"
"1113","stalj001","Stallings","Jacob","R","R","PIT","C"
"1114","strac001","Stratton","Chris","R","R","PIT","P"
"1115","tailj001","Taillon","Jameson","R","R","PIT","P"
"1116","tuckc001","Tucker","Cole","B","R","PIT","SS"
"1117","rivef001","Vazquez","Felipe","L","L","PIT","P"
"1118","wangw001","Wang","Wei-Chung","L","L","PIT","P"
"1119","willt002","Williams","Trevor","R","R","PIT","P"
"1120","allea001","Allen","Austin","L","R","SDN","C"
"1121","allel002","Allen","Logan","R","L","SDN","P"
"1122","avilp001","Avila","Pedro","R","R","SDN","P"
"1123","baezm001","Baez","Michel","R","R","SDN","P"
"1124","bednd001","Bednar","David","L","R","SDN","P"
"1125","bolar001","Bolanos","Ronald","R","R","SDN","P"
"1126","castj007","Castillo","Jose","L","L","SDN","P"
"1127","cordf003","Cordero","Franchy","L","R","SDN","OF"
"1128","diazm004","Diaz","Miguel","R","R","SDN","P"
"1129","dicka001","Dickerson","Alex","L","L","SDN","OF"
"1130","edwac001","Edwards","Carl","R","R","SDN","P"
"1131","erlir001","Erlin","Robbie","R","L","SDN","P"
"1132","frant002","France","Ty","R","R","SDN","3B"
"1133","garcg002","Garcia","Greg","L","R","SDN","SS"
"1134","guerj004","Guerra","Javy","L","R","SDN","P"
"1135","hedga001","Hedges","Austin","R","R","SDN","C"
"1136","hosme001","Hosmer","Eric","L","L","SDN","1B"
"1137","jankt001","Jankowski","Travis","L","R","SDN","OF"
"1138","kinsi001","Kinsler","Ian","R","R","SDN","2B"
"1139","lamed001","Lamet","Dinelson","R","R","SDN","P"
"1140","lauee001","Lauer","Eric","R","L","SDN","P"
"1141","loupa001","Loup","Aaron","L","L","SDN","P"
"1142","luccj001","Lucchesi","Joey","L","L","SDN","P"
"1143","machm001","Machado","Manny","R","R","SDN","3B"
"1144","margn001","Margevicius","Nick","L","L","SDN","P"
"1145","margm001","Margot","Manuel","R","R","SDN","OF"
"1146","martn003","Martini","Nick","L","L","SDN","OF"
"1147","matop002","Maton","Phil","R","R","SDN","P"
"1148","mejif001","Mejia","Francisco","B","R","SDN","C"
"1149","mejis001","Mejias-Brean","Seth","R","R","SDN","3B"
"1150","morea001","Morejon","Adrian","L","L","SDN","P"
"1151","munoa002","Munoz","Andres","R","R","SDN","P"
"1152","myerw001","Myers","Wil","R","R","SDN","OF"
"1153","naylj001","Naylor","Josh","L","L","SDN","OF"
"1154","paddc001","Paddack","Chris","R","R","SDN","P"
"1155","perdl002","Perdomo","Luis","R","R","SDN","P"
"1156","pirej001","Pirela","Jose","R","R","SDN","OF"
"1157","quanc001","Quantrill","Cal","L","R","SDN","P"
"1158","renfh001","Renfroe","Hunter","R","R","SDN","OF"
"1159","reyef001","Reyes","Franmil","R","R","SDN","OF"
"1160","reyeg002","Reyes","Gerardo","R","R","SDN","P"
"1161","richg002","Richards","Garrett","R","R","SDN","P"
"1162","stamc001","Stammen","Craig","R","R","SDN","P"
"1163","stocr001","Stock","Robert","L","R","SDN","P"
"1164","stram001","Strahm","Matt","R","L","SDN","P"
"1165","tatif002","Tatis","Fernando","R","R","SDN","SS"
"1166","torrl001","Torrens","Luis","R","R","SDN","C"
"1167","urial001","Urias","Luis","R","R","SDN","2B"
"1168","warra001","Warren","Adam","R","R","SDN","P"
"1169","wiecb001","Wieck","Brad","L","L","SDN","P"
"1170","wingt001","Wingenter","Trey","R","R","SDN","P"
"1171","wislm001","Wisler","Matt","R","R","SDN","P"
"1172","yarde001","Yardley","Eric","R","R","SDN","P"
"1173","yatek001","Yates","Kirby","L","R","SDN","P"
"1174","adama002","Adams","Austin","R","R","SEA","P"
"1175","alanr001","Alaniz","R.J.","R","R","SEA","P"
"1176","altad001","Altavilla","Dan","R","R","SEA","P"
"1177","armss001","Armstrong","Shawn","R","R","SEA","P"
"1178","bassa001","Bass","Anthony","R","R","SEA","P"
"1179","bautg001","Bautista","Gerson","R","R","SEA","P"
"1180","beckt001","Beckham","Tim","R","R","SEA","2B"
"1181","biddj001","Biddle","Jesse","L","L","SEA","P"
"1182","bishb001","Bishop","Braden","R","R","SEA","OF"
"1183","bradc002","Bradford","Chasen","R","R","SEA","P"
"1184","brenb003","Brennan","Brandon","R","R","SEA","P"
"1185","broxk001","Broxton","Keon","R","R","SEA","OF"
"1186","brucj001","Bruce","Jay","L","L","SEA","OF"
"1187","caram001","Carasiti","Matt","R","R","SEA","P"
"1188","courr001","Court","Ryan","R","R","SEA","SS"
"1189","crawj002","Crawford","J.P.","L","R","SEA","SS"
"1190","eliar001","Elias","Roenis","L","L","SEA","P"
"1191","dunnj002","Dunn","Justin","R","R","SEA","P"
"1192","encae001","Encarnacion","Edwin","R","R","SEA","DH"
"1193","festm001","Festa","Matt","R","R","SEA","P"
"1194","fralj001","Fraley","Jake","L","L","SEA","OF"
"1195","freid001","Freitas","David","R","R","SEA","C"
"1196","gartr001","Garton","Ryan","R","R","SEA","P"
"1197","gearc001","Gearrin","Cory","R","R","SEA","P"
"1198","gonzm005","Gonzales","Marco","L","L","SEA","P"
"1199","gordd002","Gordon","Dee","L","R","SEA","2B"
"1200","grotz001","Grotz","Zac","R","R","SEA","P"
"1201","guilt001","Guilbeau","Taylor","L","L","SEA","P"
"1202","hanim001","Haniger","Mitch","R","R","SEA","OF"
"1203","healr001","Healy","Ryon","R","R","SEA","3B"
"1204","hernf002","Hernandez","Felix","R","R","SEA","P"
"1205","kikuy001","Kikuchi","Yusei","L","L","SEA","P"
"1206","leakm001","Leake","Mike","R","R","SEA","P"
"1207","leblw001","LeBlanc","Wade","L","L","SEA","P"
"1208","lewik001","Lewis","Kyle","R","R","SEA","OF"
"1209","longs001","Long","Shed","L","R","SEA","2B"
"1210","lopet001","Lopes","Tim","R","R","SEA","2B"
"1211","magim001","Magill","Matt","R","R","SEA","P"
"1212","markp001","Markel","Parker","R","R","SEA","P"
"1213","mcclr001","McClain","Reggie","R","R","SEA","P"
"1214","mckad001","McKay","David","R","R","SEA","P"
"1215","milot001","Milone","Tom","L","L","SEA","P"
"1216","moora002","Moore","Andrew","R","R","SEA","P"
"1217","moord002","Moore","Dylan","R","R","SEA","3B"
"1218","murpt002","Murphy","Tom","R","R","SEA","C"
"1219","narvo001","Narvaez","Omar","L","R","SEA","C"
"1220","negrk001","Negron","Kristopher","R","R","SEA","OF"
"1221","nolaa002","Nola","Austin","R","R","SEA","1B"
"1222","rossz001","Rosscup","Zac","R","L","SEA","P"
"1223","rumbn001","Rumbelow","Nick","R","R","SEA","P"
"1224","sadzc001","Sadzeck","Connor","R","R","SEA","P"
"1225","santd002","Santana","Domingo","R","R","SEA","OF"
"1226","scott004","Scott","Tayler","R","R","SEA","P"
"1227","seagk001","Seager","Kyle","L","R","SEA","3B"
"1228","shefj001","Sheffield","Justus","L","L","SEA","P"
"1229","smitm007","Smith","Mallex","L","R","SEA","OF"
"1230","strih001","Strickland","Hunter","R","R","SEA","P"
"1231","suzui001","Suzuki","Ichiro","L","R","SEA","OF"
"1232","swane001","Swanson","Erik","R","R","SEA","P"
"1233","swara001","Swarzak","Anthony","R","R","SEA","P"
"1234","tuivs001","Tuivailala","Sam","R","R","SEA","P"
"1235","voged001","Vogelbach","Daniel","L","R","SEA","1B"
"1236","waltd002","Walton","Donnie","L","R","SEA","2B"
"1237","warra002","Warren","Art","R","R","SEA","P"
"1238","willm008","Williamson","Mac","R","R","SEA","OF"
"1239","wislm001","Wisler","Matt","R","R","SEA","P"
"1240","wrigm001","Wright","Mike","R","R","SEA","P"
"1241","abadf001","Abad","Fernando","L","L","SFN","P"
"1242","adamc001","Adames","Cristhian","B","R","SFN","SS"
"1243","altha001","Altherr","Aaron","R","R","SFN","OF"
"1244","andes002","Anderson","Shaun","R","R","SFN","P"
"1245","austt001","Austin","Tyler","R","R","SFN","OF"
"1246","avela001","Avelino","Abiatal","R","R","SFN","SS"
"1247","barrk002","Barraclough","Kyle","R","R","SFN","P"
"1248","beedt001","Beede","Tyler","R","R","SFN","P"
"1249","beltb001","Belt","Brandon","L","L","SFN","1B"
"1250","bergt001","Bergen","Travis","L","L","SFN","P"
"1251","blacr001","Black","Ray","R","R","SFN","P"
"1252","blact002","Blach","Ty","R","L","SFN","P"
"1253","bumgm001","Bumgarner","Madison","R","L","SFN","P"
"1254","coons001","Coonrod","Sam","R","R","SFN","P"
"1255","crawb001","Crawford","Brandon","L","R","SFN","SS"
"1256","cuetj001","Cueto","Johnny","R","R","SFN","P"
"1257","davij008","Davis","Jaylin","R","R","SFN","OF"
"1258","dicka001","Dickerson","Alex","L","L","SFN","OF"
"1259","dubom001","Dubon","Mauricio","R","R","SFN","SS"
"1260","duggs001","Duggar","Steven","L","R","SFN","OF"
"1261","dysos001","Dyson","Sam","R","R","SFN","P"
"1262","frane001","Franco","Enderson","R","R","SFN","P"
"1263","garca006","Garcia","Aramis","R","R","SFN","C"
"1264","genns001","Gennett","Scooter","L","R","SFN","2B"
"1265","gerbm001","Gerber","Mike","L","R","SFN","OF"
"1266","gottt001","Gott","Trevor","R","R","SFN","P"
"1267","greez001","Green","Zach","R","R","SFN","1B"
"1268","gustj001","Gustave","Jandel","R","R","SFN","P"
"1269","holld003","Holland","Derek","B","L","SFN","P"
"1270","jerew001","Jerez","Williams","L","L","SFN","P"
"1271","joe-c001","Joe","Connor","R","R","SFN","3B"
"1272","josec001","Joseph","Corban","L","R","SFN","1B"
"1273","krate001","Kratz","Erik","R","R","SFN","C"
"1274","longe001","Longoria","Evan","R","R","SFN","3B"
"1275","melam001","Melancon","Mark","R","R","SFN","P"
"1276","menec001","Menez","Conner","L","L","SFN","P"
"1277","moror001","Moronta","Reyes","R","R","SFN","P"
"1278","panij002","Panik","Joe","L","R","SFN","2B"
"1279","parrg001","Parra","Gerardo","L","L","SFN","OF"
"1280","peraw002","Peralta","Wandy","L","L","SFN","P"
"1281","pillk001","Pillar","Kevin","R","R","SFN","OF"
"1282","pomed001","Pomeranz","Drew","R","L","SFN","P"
"1283","poseb001","Posey","Buster","R","R","SFN","C"
"1284","reedm001","Reed","Michael","R","R","SFN","OF"
"1285","rickj001","Rickard","Joey","R","L","SFN","OF"
"1286","rodrd001","Rodriguez","Dereck","R","R","SFN","P"
"1287","roget002","Rogers","Tyler","R","R","SFN","P"
"1288","samaj001","Samardzija","Jeff","R","R","SFN","P"
"1289","sandp001","Sandoval","Pablo","B","R","SFN","3B"
"1290","selms001","Selman","Sam","R","L","SFN","P"
"1291","shawc001","Shaw","Chris","L","R","SFN","OF"
"1292","slata001","Slater","Austin","R","R","SFN","OF"
"1293","smitb005","Smith","Burch","R","R","SFN","P"
"1294","smitw002","Smith","Will","R","L","SFN","P"
"1295","solad001","Solano","Donovan","R","R","SFN","2B"
"1296","solay001","Solarte","Yangervis","B","R","SFN","3B"
"1297","suara002","Suarez","Andrew","L","L","SFN","P"
"1298","vendp001","Venditte","Pat","L","L","SFN","P"
"1299","vincn001","Vincent","Nick","R","R","SFN","P"
"1300","vogts001","Vogt","Stephen","L","R","SFN","C"
"1301","watst001","Watson","Tony","L","L","SFN","P"
"1302","webbl001","Webb","Logan","R","R","SFN","P"
"1303","willm008","Williamson","Mac","R","R","SFN","OF"
"1304","yastm001","Yastrzemski","Mike","L","L","SFN","OF"
"1305","arozr001","Arozarena","Randy","R","R","SLN","OF"
"1306","badeh001","Bader","Harrison","R","R","SLN","OF"
"1307","brebj001","Brebbia","John","L","R","SLN","P"
"1308","cabrg001","Cabrera","Genesis","L","L","SLN","P"
"1309","carpm002","Carpenter","Matt","L","R","SLN","3B"
"1310","dejop001","DeJong","Paul","R","R","SLN","3B"
"1311","edmat001","Edman","Tommy","B","R","SLN","SS"
"1312","fernj006","Fernandez","Junior","R","R","SLN","P"
"1313","flahj002","Flaherty","Jack","R","R","SLN","P"
"1314","fowld001","Fowler","Dexter","B","R","SLN","OF"
"1315","gallg001","Gallegos","Giovanny","R","R","SLN","P"
"1316","gantj002","Gant","John","R","R","SLN","P"
"1317","goldp001","Goldschmidt","Paul","R","R","SLN","1B"
"1318","gregl001","Gregerson","Luke","L","R","SLN","P"
"1319","gyorj001","Gyorko","Jedd","R","R","SLN","2B"
"1320","helsr001","Helsley","Ryan","R","R","SLN","P"
"1321","hickj002","Hicks","Jordan","R","R","SLN","P"
"1322","hudsd002","Hudson","Dakota","R","R","SLN","P"
"1323","hudsj002","Hudson","Joe","R","R","SLN","C"
"1324","kniza001","Knizner","Andrew","R","R","SLN","C"
"1325","leond003","Leone","Dominic","R","R","SLN","P"
"1326","martc006","Martinez","Carlos","R","R","SLN","P"
"1327","martj008","Martinez","Jose","R","R","SLN","OF"
"1328","mayem001","Mayers","Mike","R","R","SLN","P"
"1329","mejia001","Mejia","Adalberto","R","L","SLN","P"
"1330","mikom001","Mikolas","Miles","R","R","SLN","P"
"1331","milla002","Miller","Andrew","L","L","SLN","P"
"1332","moliy001","Molina","Yadier","R","R","SLN","C"
"1333","munoy001","Munoz","Yairo","R","R","SLN","SS"
"1334","oneit001","O'Neill","Tyler","R","R","SLN","OF"
"1335","ozunm001","Ozuna","Marcell","R","R","SLN","OF"
"1336","poncd001","Ponce de Leon","Daniel","R","R","SLN","P"
"1337","raver001","Ravelo","Rangel","R","R","SLN","1B"
"1338","reyea004","Reyes","Alex","R","R","SLN","P"
"1339","robid003","Robinson","Drew","L","R","SLN","3B"
"1340","shrec001","Shreve","Chasen","L","L","SLN","P"
"1341","sosae001","Sosa","Edmundo","R","R","SLN","SS"
"1342","thoml002","Thomas","Lane","R","R","SLN","OF"
"1343","wachm001","Wacha","Michael","R","R","SLN","P"
"1344","waina001","Wainwright","Adam","R","R","SLN","P "
"1345","webbt001","Webb","Tyler","R","L","SLN","P"
"1346","wietm001","Wieters","Matt","B","R","SLN","C"
"1347","wongk001","Wong","Kolten","L","R","SLN","2B"
"1348","adamw002","Adames","Willy","R","R","TBA","SS"
"1349","aguij001","Aguilar","Jesus","R","R","TBA","1B"
"1350","alvaj004","Alvarado","Jose","L","L","TBA","P"
"1351","anden001","Anderson","Nick","R","R","TBA","P"
"1352","arroc001","Arroyo","Christian","R","R","TBA","3B"
"1353","banda001","Banda","Anthony","L","L","TBA","P"
"1354","beekj001","Beeks","Jalen","L","L","TBA","P"
"1355","bemba001","Bemboom","Anthony","L","R","TBA","C"
"1356","brosm001","Brosseau","Michael","R","R","TBA","3B"
"1357","castd002","Castillo","Diego","R","R","TBA","P"
"1358","chiry001","Chirinos","Yonny","R","R","TBA","P"
"1359","choij001","Choi","Ji-Man","L","R","TBA","OF"
"1360","ciufn001","Ciuffo","Nick","L","R","TBA","C"
"1361","darnt001","d'Arnaud","Travis","R","R","TBA","C"
"1362","davij009","Davis","Johnny","B","R","TBA","OF"
"1363","delej003","De Leon","Jose","R","R","TBA","P"
"1364","diazy001","Diaz","Yandy","R","R","TBA","OF"
"1365","drako001","Drake","Oliver","R","R","TBA","P"
"1366","duffm002","Duffy","Matt","R","R","TBA","IF"
"1367","fairp001","Fairbanks","Peter","R","R","TBA","P"
"1368","farij001","Faria","Jacob","R","R","TBA","P"
"1369","fontw001","Font","Wilmer","R","R","TBA","P"
"1370","garca003","Garcia","Avisail","R","R","TBA","OF"
"1371","gibai001","Gibaut","Ian","R","R","TBA","P"
"1372","glast001","Glasnow","Tyler","L","R","TBA","P"
"1373","hereg002","Heredia","Guillermo","R","L","TBA","OF"
"1374","kierk001","Kiermaier","Kevin","L","R","TBA","OF"
"1375","kitta001","Kittredge","Andrew","R","R","TBA","P"
"1376","kolaa001","Kolarek","Adam","L","L","TBA","P"
"1377","krate001","Kratz","Erik","R","R","TBA","C"
"1378","loweb001","Lowe","Brandon","L","R","TBA","2B"
"1379","lowen001","Lowe","Nate","L","R","TBA","1B"
"1380","mckab001","McKay","Brendan","L","L","TBA","P"
"1381","meada001","Meadows","Austin","L","L","TBA","OF"
"1382","milnh001","Milner","Hoby","L","L","TBA","P"
"1383","mortc002","Morton","Charlie","R","R","TBA","P"
"1384","pagae001","Pagan","Emilio","L","R","TBA","P"
"1385","perem005","Perez","Michael","L","R","TBA","C"
"1386","phamt001","Pham","Tommy","R","R","TBA","OF"
"1387","pintr002","Pinto","Ricardo","R","R","TBA","P"
"1388","pochc001","Poche","Colin","L","L","TBA","P"
"1389","pruia001","Pruitt","Austin","R","R","TBA","P"
"1390","richt001","Richards","Trevor","R","R","TBA","P"
"1391","robed004","Robertson","Daniel","R","R","TBA","SS"
"1392","roe-c001","Roe","Chaz","R","R","TBA","P"
"1393","sadlc002","Sadler","Casey","R","R","TBA","P"
"1394","slega001","Slegers","Aaron","R","R","TBA","P"
"1395","snelb001","Snell","Blake","L","L","TBA","P"
"1396","sogae001","Sogard","Eric","L","R","TBA","2B"
"1397","stanr002","Stanek","Ryne","R","R","TBA","P"
"1398","sulsc001","Sulser","Cole","R","R","TBA","P"
"1399","velaa001","Velazquez","Andrew","B","R","TBA","SS"
"1400","wendj002","Wendle","Joey","L","R","TBA","2B"
"1401","wongk002","Wong","Kean","L","R","TBA","2B"
"1402","woodh001","Wood","Hunter","R","R","TBA","P"
"1403","yarbr001","Yarbrough","Ryan","R","L","TBA","P"
"1404","zunim001","Zunino","Mike","R","R","TBA","C"
"1405","allak001","Allard","Kolby","L","L","TEX","P"
"1406","andre001","Andrus","Elvis","R","R","TEX","SS"
"1407","biddj001","Biddle","Jesse","L","L","TEX","P"
"1408","birdk001","Bird","Kyle","L","L","TEX","P"
"1409","burkb001","Burke","Brock","L","L","TEX","P"
"1410","cabra002","Cabrera","Asdrubal","B","R","TEX","SS"
"1411","calhw001","Calhoun","Willie","L","R","TEX","OF"
"1412","carpd001","Carpenter","David","R","R","TEX","P"
"1413","chavj001","Chavez","Jesse","R","R","TEX","P"
"1414","choos001","Choo","Shin-Soo","L","L","TEX","OF"
"1415","clase001","Clase","Emmanuel","R","R","TEX","P"
"1416","deshd002","DeShields","Delino","R","R","TEX","OF"
"1417","dowdk001","Dowdy","Kyle","R","R","TEX","P"
"1418","fairp001","Fairbanks","Peter","R","R","TEX","P"
"1419","farrl001","Farrell","Luke","L","R","TEX","P"
"1420","fedet001","Federowicz","Tim","R","R","TEX","C"
"1421","forsl001","Forsythe","Logan","R","R","TEX","2B"
"1422","gallj002","Gallo","Joey","L","R","TEX","OF"
"1423","gibai001","Gibaut","Ian","R","R","TEX","P"
"1424","gomej002","Gomez","Jeanmar","R","R","TEX","P"
"1425","guert002","Guerrieri","Taylor","R","R","TEX","P"
"1426","guzmr001","Guzman","Ronald","L","L","TEX","1B"
"1427","heart001","Hearn","Taylor","L","L","TEX","P"
"1428","heins001","Heineman","Scott","R","R","TEX","OF"
"1429","hernj004","Hernandez","Jonathan","R","R","TEX","P"
"1430","huanw001","Huang","Wei-Chieh","R","R","TEX","P"
"1431","juraa001","Jurado","Ariel","R","R","TEX","P"
"1432","kells001","Kelley","Shawn","R","R","TEX","P"
"1433","kinei001","Kiner-Falefa","Isiah","R","R","TEX","3B"
"1434","leclj001","Leclerc","Jose","R","R","TEX","P"
"1435","lynnl001","Lynn","Lance","B","R","TEX","P"
"1436","martb002","Martin","Brett","L","L","TEX","P"
"1437","martc007","Martin","Chris","R","R","TEX","P"
"1438","mathj001","Mathis","Jeff","R","R","TEX","C"
"1439","mazan001","Mazara","Nomar","L","L","TEX","OF"
"1440","mendy001","Mendez","Yohander","L","L","TEX","P"
"1441","mills001","Miller","Shelby","R","R","TEX","P"
"1442","minom001","Minor","Mike","R","L","TEX","P"
"1443","montr004","Montero","Rafael","R","R","TEX","P"
"1444","odorr001","Odor","Rougned","L","R","TEX","2B"
"1445","paluj001","Palumbo","Joe","L","L","TEX","P"
"1446","payap001","Payano","Pedro","R","R","TEX","P"
"1447","pench001","Pence","Hunter","R","R","TEX","OF"
"1448","sampa001","Sampson","Adrian","R","R","TEX","P"
"1449","santd001","Santana","Danny","B","R","TEX","OF"
"1450","smyld001","Smyly","Drew","L","L","TEX","P"
"1451","solan001","Solak","Nick","R","R","TEX","2B"
"1452","sprij001","Springs","Jeffrey","L","L","TEX","P"
"1453","stjol001","St. John","Locke","L","L","TEX","P"
"1454","trevj001","Trevino","Jose","R","R","TEX","C"
"1455","valdp002","Valdez","Phillips","R","R","TEX","P"
"1456","volqe001","Volquez","Edinson","R","R","TEX","P"
"1457","wisdp001","Wisdom","Patrick","R","R","TEX","3B"
"1458","adamj002","Adam","Jason","R","R","TOR","P"
"1459","alfoa002","Alford","Anthony","R","R","TOR","OF"
"1460","biagj001","Biagini","Joe","R","R","TOR","P"
"1461","bichb001","Bichette","Bo","R","R","TOR","SS"
"1462","biggc002","Biggio","Cavan","L","R","TOR","2B"
"1463","borur001","Borucki","Ryan","L","L","TOR","P"
"1464","boshb001","Boshers","Buddy","L","L","TOR","P"
"1465","brits001","Brito","Socrates","L","L","TOR","OF"
"1466","buchc001","Buchholz","Clay","L","R","TOR","P"
"1467","cordj001","Cordero","Jimmy","R","R","TOR","P"
"1468","davij007","Davis","Jonathan","R","R","TOR","OF"
"1469","diazy002","Diaz","Yennsy","R","R","TOR","P"
"1470","drurb001","Drury","Brandon","R","R","TOR","3B"
"1471","dullr001","Dull","Ryan","R","R","TOR","P"
"1472","feier001","Feierabend","Ryan","L","L","TOR","P"
"1473","fishd001","Fisher","Derek","L","R","TOR","OF"
"1474","fontw001","Font","Wilmer","R","R","TOR","P"
"1475","galvf001","Galvis","Freddy","B","R","TOR","SS"
"1476","gavis001","Gaviglio","Sam","R","R","TOR","P"
"1477","gilek001","Giles","Ken","R","R","TOR","P"
"1478","godlz001","Godley","Zack","R","R","TOR","P"
"1479","gricr001","Grichuk","Randal","R","R","TOR","OF"
"1480","guerj002","Guerra","Javy","R","R","TOR","P"
"1481","guerv002","Guerrero","Vladimir","R","R","TOR","3B"
"1482","gurrl001","Gurriel","Lourdes","R","R","TOR","2B"
"1483","hansa001","Hanson","Alen","B","R","TOR","SS"
"1484","hernt002","Hernandez","Teoscar","R","R","TOR","OF"
"1485","hudsd001","Hudson","Daniel","R","R","TOR","P"
"1486","jacke001","Jackson","Edwin","R","R","TOR","P"
"1487","jansd001","Jansen","Danny","R","R","TOR","C"
"1488","kay-a001","Kay","Anthony","L","L","TOR","P"
"1489","kingn001","Kingham","Nick","R","R","TOR","P"
"1490","law-d001","Law","Derek","R","R","TOR","P"
"1491","lucie001","Luciano","Elvis","R","R","TOR","P"
"1492","maill001","Maile","Luke","R","R","TOR","C"
"1493","mayzt001","Mayza","Tim","L","L","TOR","P"
"1494","mcgur002","McGuire","Reese","L","R","TOR","C"
"1495","mckib001","McKinney","Billy","L","L","TOR","OF"
"1496","pannt001","Pannone","Thomas","L","L","TOR","P"
"1497","pheld001","Phelps","David","R","R","TOR","P"
"1498","pillk001","Pillar","Kevin","R","R","TOR","OF"
"1499","ramin001","Ramirez","Neil","R","R","TOR","P"
"1500","reids001","Reid-Foley","Sean","R","R","TOR","P"
"1501","richc002","Richard","Clayton","L","L","TOR","P"
"1502","romaj004","Romano","Jordan","R","R","TOR","P"
"1503","rossz001","Rosscup","Zac","R","L","TOR","P"
"1504","sanca006","Sanchez","Aaron","R","R","TOR","P"
"1505","shafj001","Shafer","Justin","R","R","TOR","P"
"1506","shoem001","Shoemaker","Matt","R","R","TOR","P"
"1507","smoaj001","Smoak","Justin","B","L","TOR","1B"
"1508","sogae001","Sogard","Eric","L","R","TOR","2B"
"1509","stewb001","Stewart","Brock","L","R","TOR","P"
"1510","strom001","Stroman","Marcus","R","R","TOR","P"
"1511","taylb003","Taylor","Beau","L","R","TOR","C"
"1512","tellr001","Tellez","Rowdy","L","L","TOR","1B"
"1513","teper001","Tepera","Ryan","R","R","TOR","P"
"1514","thort002","Thornton","Trent","R","R","TOR","P"
"1515","urenr001","Urena","Richard","B","R","TOR","SS"
"1516","valeb001","Valera","Breyvic","B","R","TOR","2B"
"1517","waguj001","Waguespack","Jacob","R","R","TOR","P"
"1518","zeuct001","Zeuch","T.J.","R","R","TOR","P"
"1519","adama002","Adams","Austin","R","R","WAS","P"
"1520","adamm002","Adams","Matt","L","R","WAS","1B"
"1521","barra001","Barrett","Aaron","R","R","WAS","P"
"1522","barrt004","Barrera","Tres","R","R","WAS","C"
"1523","barrk002","Barraclough","Kyle","R","R","WAS","P"
"1524","blazm001","Blazek","Michael","R","R","WAS","P"
"1525","bourj003","Bourque","James","R","R","WAS","P"
"1526","cabra002","Cabrera","Asdrubal","B","R","WAS","SS"
"1527","corbp001","Corbin","Patrick","L","L","WAS","P"
"1528","difow001","Difo","Wilmer","B","R","WAS","2B"
"1529","dools001","Doolittle","Sean","L","L","WAS","P"
"1530","dozib001","Dozier","Brian","R","R","WAS","2B"
"1531","eatoa002","Eaton","Adam","L","L","WAS","OF"
"1532","eliar001","Elias","Roenis","L","L","WAS","P"
"1533","fedde001","Fedde","Erick","R","R","WAS","P"
"1534","gomey001","Gomes","Yan","R","R","WAS","C"
"1535","gracm003","Grace","Matt","L","L","WAS","P"
"1536","guerj002","Guerra","Javy","R","R","WAS","P"
"1537","hellj001","Hellickson","Jeremy","R","R","WAS","P"
"1538","hudsd001","Hudson","Daniel","R","R","WAS","P"
"1539","jennd003","Jennings","Dan","L","L","WAS","P"
"1540","kendh001","Kendrick","Howie","R","R","WAS","2B"
"1541","kiebc001","Kieboom","Carter","R","R","WAS","SS"
"1542","mcgok002","McGowin","Kyle","R","R","WAS","P"
"1543","millj006","Miller","Justin","R","R","WAS","P"
"1544","nollj001","Noll","Jake","R","R","WAS","3B"
"1545","parrg001","Parra","Gerardo","L","L","WAS","OF"
"1546","raint003","Rainey","Tanner","R","R","WAS","P"
"1547","readr002","Read","Raudy","R","R","WAS","C"
"1548","renda001","Rendon","Anthony","R","R","WAS","2B"
"1549","roblv001","Robles","Victor","R","R","WAS","OF"
"1550","rodnf001","Rodney","Fernando","R","R","WAS","P"
"1551","roset001","Rosenthal","Trevor","R","R","WAS","P"
"1552","rossj002","Ross","Joe","R","R","WAS","P"
"1553","sanca004","Sanchez","Anibal","R","R","WAS","P"
"1554","sanca007","Sanchez","Adrian","R","R","WAS","2B"
"1555","schem001","Scherzer","Max","R","R","WAS","P"
"1556","sippt001","Sipp","Tony","L","L","WAS","P"
"1557","sotoj001","Soto","Juan","L","L","WAS","OF"
"1558","steva001","Stevenson","Andrew","L","L","WAS","OF"
"1559","stras001","Strasburg","Stephen","R","R","WAS","P"
"1560","strih001","Strickland","Hunter","R","R","WAS","P"
"1561","suerw002","Suero","Wander","R","R","WAS","P"
"1562","suzuk001","Suzuki","Kurt","R","R","WAS","C"
"1563","taylm002","Taylor","Michael","R","R","WAS","OF"
"1564","turnt001","Turner","Trea","R","R","WAS","SS"
"1565","ventj001","Venters","Jonny","L","L","WAS","P"
"1566","votha001","Voth","Austin","R","R","WAS","P"
"1567","willa003","Williams","Austen","R","R","WAS","P"
"1568","zimmr001","Zimmerman","Ryan","R","R","WAS","1B"
